tree
version=v4
num_class=1
num_tree_per_iteration=1
label_index=0
max_feature_idx=4
objective=regression
feature_names=rusherCount blockerCount down yardsToGo shrunkHistory
feature_infos=[0:7] [5:9] [1:4] [1:39] [-0.1360933996689051:2.3969084267549592]
tree_sizes=1410 1486 1491 1490 1492 1486 1484 1487 1499 1505 1491 1490 1500 1482 1487 1487 1485 1490 1494 1504 1494 1508 1494 1482 1491 1473 1515 1488 1498 1510 1504 1488 1498 1500 1493 1481 1490 1486 1504 1503 1497 1500 1500 1489 1494 1472 1494 1478 1474 1452 1485 1483 1488 1464 1468 1506 1455 1452 1438 1475 1459 1492 1477 1431 1446 1427 1503 1456 1478 1445 1480 1463 1468 1449 1456 1427 1470 1486 1495 1436 1464 1462 1423 1455 1458 1463 1482 1452 1431 1431 1477 1479 1455 1449 1460 1480 1457 1430 1477 1435

Tree=0
num_leaves=15
num_cat=0
split_feature=4 4 1 2 1 2 4 4 1 4 3 2 0 2
split_gain=8954.59 2917.34 1940.32 918.763 866.062 580.637 575.574 411.556 245.155 244.179 199.203 174.679 168.73 163.92
threshold=0.95670892398982288 1.6446687287615307 5.5000000000000009 2.5000000000000004 5.5000000000000009 2.5000000000000004 0.6085584861399802 1.8657218384718588 6.5000000000000009 1.4203597272865978 2.5000000000000004 2.5000000000000004 4.5000000000000009 2.5000000000000004
decision_type=2 2 2 2 2 2 2 2 2 2 2 2 2 2
left_child=6 4 7 8 9 -6 -1 13 12 -2 -5 -9 -4 -3
right_child=1 2 3 10 5 -7 -8 11 -10 -11 -12 -13 -14 -15
leaf_value=1.485871076690078 1.7509689739488559 1.8003588168049562 1.7259367836234654 1.7396819306146996 1.693346601105769 1.7721677339670525 1.6018141110263502 1.8362469690888257 1.6920572722146006 1.781103698694835 1.8416549891028831 1.8715471846930352 1.7796086925888972 1.8350285861825293
leaf_weight=597 5582 4273 1445 229 3508 1274 1514 4476 1175 5188 1172 2041 985 2003
leaf_count=597 5582 4273 1445 229 3508 1274 1514 4476 1175 5188 1172 2041 985 2003
internal_value=1.76876 1.7814 1.80905 1.75627 1.74976 1.71435 1.56902 1.8297 1.72956 1.76549 1.82499 1.8473 1.74769 1.81142
internal_weight=35462 33351 17799 5006 15552 4782 2111 12793 3605 10770 1401 6517 2430 6276
internal_count=35462 33351 17799 5006 15552 4782 2111 12793 3605 10770 1401 6517 2430 6276
is_linear=0
shrinkage=1


Tree=1
num_leaves=15
num_cat=0
split_feature=4 4 1 1 2 2 4 1 4 1 1 4 2 0
split_gain=7258.44 2405.18 1521.11 772.587 713.122 540.841 426.308 351.63 290.533 198.322 172.406 171.258 142.583 133.988
threshold=0.9435491449707526 1.6705470952008794 5.5000000000000009 6.5000000000000009 2.5000000000000004 2.5000000000000004 0.6085584861399802 5.5000000000000009 1.9343934090643871 6.5000000000000009 6.5000000000000009 1.4203597272865978 2.5000000000000004 5.5000000000000009
decision_type=2 2 2 2 2 2 2 2 2 2 2 2 2 2
left_child=6 3 8 5 9 7 -1 11 12 13 -6 -2 -3 -4
right_child=1 2 4 -5 10 -7 -8 -9 -10 -11 -12 -13 -14 -15
leaf_value=-0.2545988363836279 -0.026258171970211842 0.033071072244042925 -0.026290034181825864 -0.080783427029290991 0.0688280775321813 0.019579646614654597 -0.1540216058215961 -0.054746375831434872 0.074070417423611687 -0.069154262624349622 -0.022727893009107179 0.003370511922769721 0.063894957813288814 0.052026885297833662
leaf_weight=597 3847 4712 2016 1655 1081 4636 1433 2437 5262 1127 254 3958 2202 245
leaf_count=597 3847 4712 2016 1655 1081 4636 1433 2437 5262 1127 254 3958 2202 245
internal_value=3.4628e-11 0.0111483 0.0376783 -0.0159691 -0.0104935 -0.00875927 -0.1836 -0.0215868 0.0563638 -0.0348852 0.0514084 -0.0112331 0.042888 -0.0178037
internal_weight=35462 33432 16899 16533 4723 14878 2030 10242 12176 3388 1335 7805 6914 2261
internal_count=35462 33432 16899 16533 4723 14878 2030 10242 12176 3388 1335 7805 6914 2261
is_linear=0
shrinkage=0.1


Tree=2
num_leaves=15
num_cat=0
split_feature=4 4 1 2 1 4 4 2 1 3 2 2 2 0
split_gain=5881.39 1952.85 1337.61 691.234 483.269 408.729 359.967 302.885 179.466 161.2 155.684 147.59 136.116 131.465
threshold=0.95670892398982288 1.5761530440151152 5.5000000000000009 2.5000000000000004 5.5000000000000009 0.70260605802460308 1.8657218384718588 2.5000000000000004 6.5000000000000009 2.5000000000000004 2.5000000000000004 1.5000000000000002 2.5000000000000004 4.5000000000000009
decision_type=2 2 2 2 2 2 2 2 2 2 2 2 2 2
left_child=5 4 6 8 10 -1 11 -6 13 -5 -2 -3 -8 -4
right_child=1 2 3 9 7 -7 12 -9 -10 -11 -12 -13 -14 -15
leaf_value=-0.20882762024791726 -0.014983854159434266 0.012377503599869624 -0.036731782059166648 -0.028634053958207367 -0.062894836204304166 -0.1206374480316558 0.054132077470215027 -0.002020903533863454 -0.06392050080129788 0.058950596419737183 0.012775777369729175 0.041763825468127132 0.085293068404371966 0.0083674432778648132
leaf_weight=987 6420 2568 1612 250 3124 1124 4476 1107 1298 1318 2948 5110 2041 1079
leaf_count=987 6420 2568 1612 250 3124 1124 4476 1107 1298 1318 2948 5110 2041 1079
internal_value=-9.52709e-11 0.0102459 0.0303242 -0.0112675 -0.0189171 -0.161871 0.0466063 -0.0469678 -0.0333798 0.0449862 -0.00624822 0.0319352 0.0638911 -0.0186485
internal_weight=35462 33351 19752 5557 13599 2111 14195 4231 3989 1568 9368 7678 6517 2691
internal_count=35462 33351 19752 5557 13599 2111 14195 4231 3989 1568 9368 7678 6517 2691
is_linear=0
shrinkage=0.1


Tree=3
num_leaves=15
num_cat=0
split_feature=4 4 1 2 1 4 4 2 1 1 1 2 0 2
split_gain=4773.31 1607.94 1083.46 559.899 427.807 298.073 291.573 278.199 166.438 145.368 141.498 121.959 114.353 110.254
threshold=0.9435491449707526 1.5761530440151152 5.5000000000000009 2.5000000000000004 6.5000000000000009 0.6085584861399802 1.8657218384718588 2.5000000000000004 5.5000000000000009 6.5000000000000009 6.5000000000000009 2.5000000000000004 5.5000000000000009 2.5000000000000004
decision_type=2 2 2 2 2 2 2 2 2 2 2 2 2 2
left_child=5 4 6 9 7 -1 11 8 -2 12 -5 -3 -4 -8
right_child=1 2 3 10 -6 -7 13 -9 -10 -11 -12 -13 -14 -15
leaf_value=-0.20825619094036327 -0.013515356612995136 0.020090634145393499 -0.023961748631656538 0.054948593403290419 -0.068808993736378971 -0.12415554986401303 0.048718871695960779 0.011206442901657211 -0.046505282672333725 -0.057528450999339724 -0.021915330585029168 0.047102764657612983 0.042417012386731026 0.076763761873790609
leaf_weight=597 6425 5219 2400 1273 1443 1433 4476 3805 2007 1298 295 2459 291 2041
leaf_count=597 6425 5219 2400 1273 1443 1433 4476 3805 2007 1298 295 2459 291 2041
internal_value=1.89934e-10 0.00904056 0.0272918 -0.0101408 -0.0173116 -0.148889 0.0419457 -0.011239 -0.0213677 -0.0300418 0.0404876 0.0287417 -0.0167837 0.057502
internal_weight=35462 33432 19752 5557 13680 2030 14195 12237 8432 3989 1568 7678 2691 6517
internal_count=35462 33432 19752 5557 13680 2030 14195 12237 8432 3989 1568 7678 2691 6517
is_linear=0
shrinkage=0.1


Tree=4
num_leaves=15
num_cat=0
split_feature=4 4 1 1 2 2 4 4 2 1 1 3 1 2
split_gain=3866.51 1298.23 708.412 513.851 350.922 336.165 314.761 206.262 156.386 132.644 114.784 110.226 90.7301 75.9751
threshold=0.96830805415560151 1.730043049618097 5.5000000000000009 6.5000000000000009 1.5000000000000002 2.5000000000000004 0.70260605802460308 1.3807697295982524 1.5000000000000002 5.5000000000000009 6.5000000000000009 2.5000000000000004 6.5000000000000009 2.5000000000000004
decision_type=2 2 2 2 2 2 2 2 2 2 2 2 2 2
left_child=6 3 8 4 9 12 10 -6 -3 -2 -1 -7 -4 -9
right_child=1 2 5 -5 7 11 -8 13 -10 -11 -12 -13 -14 -15
leaf_value=-0.14599794132315033 -0.014186856551358039 0.027836829697412687 -0.010350267524782573 -0.059842026755914463 -0.011180721213702368 -0.028218512881606345 -0.09431936478273889 0.0071804336574747447 0.053772010572088615 -0.04822824036895864 -0.21801778059397173 0.055460519332788699 -0.048186459238028251 0.027727005039087749
leaf_weight=652 4369 3523 1904 1781 4014 189 1208 3726 6837 1551 335 942 950 3481
leaf_count=652 4369 3523 1904 1781 4014 189 1208 3726 6837 1551 335 942 950 3481
internal_value=1.04317e-10 0.00848181 0.0311701 -0.00871845 -0.00340656 -0.00466086 -0.128549 0.00698624 0.0449525 -0.0231055 -0.170442 0.041477 -0.0229447 0.0171045
internal_weight=35462 33267 14345 18922 17141 3985 2195 11221 10360 5920 987 1131 2854 7207
internal_count=35462 33267 14345 18922 17141 3985 2195 11221 10360 5920 987 1131 2854 7207
is_linear=0
shrinkage=0.1


Tree=5
num_leaves=15
num_cat=0
split_feature=4 4 1 2 1 2 1 4 4 3 1 2 4 3
split_gain=3145.65 1094.65 780.967 393.681 263.889 239.457 229.047 214.883 204.831 88.3022 83.665 82.8311 79.7688 77.3903
threshold=0.9435491449707526 1.5247367806404934 6.5000000000000009 1.5000000000000002 5.5000000000000009 2.5000000000000004 5.5000000000000009 1.7962968342019978 0.6085584861399802 2.5000000000000004 6.5000000000000009 2.5000000000000004 1.8692537341230782 9.5000000000000018
decision_type=2 2 2 2 2 2 2 2 2 2 2 2 2 2
left_child=8 5 3 4 12 6 -2 -5 10 -7 -1 13 -3 -9
right_child=1 2 -4 7 -6 9 -8 11 -10 -11 -12 -13 -14 -15
leaf_value=-0.14065373811708654 -0.013795700739617235 0.0077965485626715113 -0.042977135588165259 0.023773709289008026 -0.027708812409036013 -0.034081122504315352 -0.048160305164655401 0.025468745051409048 -0.10036383230900113 0.011377532822922268 -0.21770478383098779 0.061589088673123751 0.033100572624739533 0.055718893475873436
leaf_weight=369 5828 2909 1738 6015 1620 494 2907 1873 1433 3165 228 3162 2179 1542
leaf_count=369 5828 2909 1738 6015 1620 494 2907 1873 1433 3165 228 3162 2179 1542
internal_value=-9.00135e-11 0.00733906 0.0212277 0.0270095 0.00744157 -0.016236 -0.0252322 0.0374337 -0.120867 0.00524018 -0.17008 0.0499264 0.0186333 0.0391278
internal_weight=35462 33432 21038 19300 6708 12394 8735 12592 2030 3659 597 6577 5088 3415
internal_count=35462 33432 21038 19300 6708 12394 8735 12592 2030 3659 597 6577 5088 3415
is_linear=0
shrinkage=0.1


Tree=6
num_leaves=15
num_cat=0
split_feature=4 4 1 1 2 2 4 4 4 0 3 2 3 2
split_gain=2547.97 897.485 571.065 289.078 272.445 199.403 177.122 138.219 110.616 102.884 90.4178 78.8291 73.5723 68.5171
threshold=0.9435491449707526 1.6446687287615307 5.5000000000000009 6.5000000000000009 2.5000000000000004 1.5000000000000002 0.70260605802460308 1.9461001228791643 1.3517217879633232 5.5000000000000009 2.5000000000000004 2.5000000000000004 2.5000000000000004 1.5000000000000002
decision_type=2 2 2 2 2 2 2 2 2 2 2 2 2 2
left_child=6 3 7 5 9 -2 11 13 -7 -4 -6 -1 -13 -3
right_child=1 2 4 -5 10 8 -8 -9 -10 -11 -12 12 -14 -15
leaf_value=-0.15899175658326106 -0.022697331770766705 0.011788758433675493 -0.026904526515820246 -0.051233806717633112 -0.026723532089109506 -0.011805900908040203 -0.080045437747811282 0.046290070480607376 0.010860357037876647 0.028962546145309992 0.04197770484702093 -0.19996281038906616 -0.07657158292702676 0.031563404442841288
leaf_weight=661 4851 2636 3238 1594 229 3444 1043 4931 5744 367 1172 59 267 5226
leaf_count=661 4851 2636 3238 1594 229 3444 1043 4931 5744 367 1172 59 267 5226
internal_value=-6.08499e-11 0.00660515 0.0219604 -0.0108776 -0.00667388 -0.00629549 -0.10878 0.0331652 0.00236421 -0.0212171 0.0307482 -0.139145 -0.0989031 0.0249333
internal_weight=35462 33432 17799 15633 5006 14039 2030 12793 9188 3605 1401 987 326 7862
internal_count=35462 33432 17799 15633 5006 14039 2030 12793 9188 3605 1401 987 326 7862
is_linear=0
shrinkage=0.1


Tree=7
num_leaves=15
num_cat=0
split_feature=4 4 1 1 2 2 4 4 1 0 3 2 1 3
split_gain=2063.86 742.433 380.581 342.196 234.814 189.177 185.853 143.469 135.495 100.813 86.6185 72.7695 71.8636 66.4803
threshold=0.9435491449707526 1.772504200660127 5.5000000000000009 6.5000000000000009 2.5000000000000004 2.5000000000000004 1.3807697295982524 0.70260605802460308 5.5000000000000009 5.5000000000000009 2.5000000000000004 1.5000000000000002 6.5000000000000009 2.5000000000000004
decision_type=2 2 2 2 2 2 2 2 2 2 2 2 2 2
left_child=7 2 6 5 9 8 -2 12 -3 -4 -6 -8 -1 -7
right_child=1 3 4 -5 10 13 11 -9 -10 -11 -12 -13 -14 -15
leaf_value=-0.10588867839861825 -0.012878250937805549 0.028375987675710385 -0.042023068118732708 -0.031399853518847547 -0.044458169728851776 0.013724488403046237 -0.00094079877038716299 -0.072040892839485338 -0.0038490614323462877 0.0078931742266520558 0.015673761844848397 0.017274082461880017 -0.1628744912326793 0.054522482028314848
leaf_weight=652 4718 6152 4266 977 287 458 3280 1043 1656 447 1449 6620 335 3122
leaf_count=652 4718 6152 4266 977 287 458 3280 1043 1656 447 1449 6620 335 3122
internal_value=-4.16314e-11 0.00594463 -0.00547213 0.0253961 -0.0257079 0.0302687 0.00345526 -0.097902 0.0215414 -0.0372888 0.0057326 0.0112393 -0.12523 0.0493031
internal_weight=35462 33432 21067 12365 6449 11388 14618 2030 7808 4713 1736 9900 987 3580
internal_count=35462 33432 21067 12365 6449 11388 14618 2030 7808 4713 1736 9900 987 3580
is_linear=0
shrinkage=0.1


Tree=8
num_leaves=15
num_cat=0
split_feature=4 1 4 2 1 4 2 4 0 3 2 3 3 1
split_gain=1677.24 654.795 604.779 237.939 144.509 137.914 118.182 97.9441 55.8682 55.5165 50.4598 85.2628 74.1101 46.2813
threshold=0.89899409278311182 6.5000000000000009 1.5247367806404934 1.5000000000000002 5.5000000000000009 2.0030774947854542 2.5000000000000004 0.49618725120762164 5.5000000000000009 11.500000000000002 2.5000000000000004 9.5000000000000018 3.5000000000000004 5.5000000000000009
decision_type=2 2 2 2 2 2 2 2 2 2 2 2 2 2
left_child=7 2 6 4 -4 10 9 -1 -6 13 11 -5 -12 -2
right_child=1 -3 3 5 8 -7 -8 -9 -10 -11 12 -13 -14 -15
leaf_value=-0.14301907667774122 -0.013986157923079643 -0.038137493384252721 0.013307414993000434 0.0046020191424595144 -0.027155145566780527 0.049369031386254356 0.0064130692691154153 -0.083162886594973368 0.034917345694526571 0.0084983801823187363 0.0057912842902144357 0.030427261770222216 0.036492151341122762 -0.032747259145287928
leaf_weight=337 5139 3185 5088 2840 1459 2500 3450 1448 161 836 982 2325 3945 1767
leaf_count=337 5139 3185 5088 2840 1459 2500 3450 1448 161 836 982 2325 3945 1767
internal_value=-1.49607e-10 0.0050069 0.00951349 0.0202381 0.00502541 0.0283421 -0.00898048 -0.0944635 -0.0209862 -0.0158402 0.0231333 0.0162271 0.0303732 -0.0187865
internal_weight=35462 33677 30492 19300 6708 12592 11192 1785 1620 7742 10092 5165 4927 6906
internal_count=35462 33677 30492 19300 6708 12592 11192 1785 1620 7742 10092 5165 4927 6906
is_linear=0
shrinkage=0.1


Tree=9
num_leaves=15
num_cat=0
split_feature=4 4 1 1 2 4 2 1 0 4 3 1 3 4
split_gain=1363.49 519.24 272.756 193.668 184.317 130.814 120.823 116.628 129.733 110.175 78.4516 56.6305 53.5886 52.9898
threshold=0.96830805415560151 1.7962968342019978 6.5000000000000009 6.5000000000000009 2.5000000000000004 0.77889583902744974 1.5000000000000002 5.5000000000000009 4.5000000000000009 1.3444027827265606 1.5000000000000002 5.5000000000000009 11.500000000000002 1.3475492905453434
decision_type=2 2 2 2 2 2 2 2 2 2 2 2 2 2
left_child=5 2 4 6 7 -1 11 9 -9 -2 -6 -3 -11 -12
right_child=1 3 -4 -5 10 -7 -8 8 -10 12 13 -13 -14 -15
leaf_value=-0.096996376710626941 -0.020485499682336067 0.018751341785252621 -0.038083060013946048 -0.023087431624298917 -0.042005820257766252 -0.047490069028902619 0.034696615743984048 -0.039674891105643526 0.001733472954966248 0.00089356434463731111 -0.00018091709930504943 -0.011131102438776219 0.025848002332735029 0.021341277085435942
leaf_weight=1279 2402 2742 2095 848 242 916 6577 1936 1242 7220 1518 825 977 4643
leaf_count=1279 2402 2742 2095 848 242 916 6577 1936 1242 7220 1518 825 977 4643
internal_value=-1.32258e-10 0.0050368 -0.00373941 0.0228216 -0.000173996 -0.0763368 0.0266594 -0.00668932 -0.023492 -0.00165121 0.0138447 0.0118399 0.00386788 0.0160385
internal_weight=35462 33267 22275 10992 20180 2195 10144 13777 3178 10599 6403 3567 8197 6161
internal_count=35462 33267 22275 10992 20180 2195 10144 13777 3178 10599 6403 3567 8197 6161
is_linear=0
shrinkage=0.1


Tree=10
num_leaves=15
num_cat=0
split_feature=4 4 1 2 2 4 4 0 3 4 1 2 3 2
split_gain=1106.36 448.729 299.756 161.853 124.588 100.644 74.3211 72.0431 67.4912 50.8659 44.0779 43.3265 42.6367 36.7037
threshold=0.89899409278311182 1.5247367806404934 5.5000000000000009 2.5000000000000004 1.5000000000000002 1.9343934090643871 0.49618725120762164 5.5000000000000009 3.5000000000000004 1.2721210631747382 5.5000000000000009 2.5000000000000004 1.5000000000000002 2.5000000000000004
decision_type=2 2 2 2 2 2 2 2 2 2 2 2 2 2
left_child=6 4 5 7 10 11 -1 -4 -5 -6 -2 -3 -13 -7
right_child=1 2 3 8 9 13 -8 -9 -10 -11 -12 12 -14 -15
leaf_value=-0.11901753118906988 -0.015915829288135546 0.0099948229218726758 -0.020686268543646899 -0.015913332590534623 -0.016911374055258353 0.026010386691794608 -0.066876945467742976 0.022476584742083972 0.031261759162107376 0.001423934916149778 -0.035787963478006619 -0.041006364763627963 0.026345657109477658 0.04398564747439259
leaf_weight=337 2807 6689 3840 396 2029 3603 1448 430 1295 5950 1853 97 3029 1659
leaf_count=337 2807 6689 3840 396 2029 3603 1448 430 1295 5950 1853 97 3029 1659
internal_value=5.25875e-12 0.00406648 0.0130135 -0.00597015 -0.0108261 0.0205191 -0.0767209 -0.0163397 0.0202143 -0.0032386 -0.0238178 0.0145368 0.0242557 0.0316776
internal_weight=35462 33677 21038 5961 12639 15077 1785 4270 1691 7979 4660 9815 3126 5262
internal_count=35462 33677 21038 5961 12639 15077 1785 4270 1691 7979 4660 9815 3126 5262
is_linear=0
shrinkage=0.1


Tree=11
num_leaves=15
num_cat=0
split_feature=4 4 1 1 2 4 2 4 1 2 3 4 4 3
split_gain=898.42 357.69 199.937 135.181 134.213 91.797 88.2518 71.8054 50.8944 50.2415 70.7503 48.6858 46.3033 43.9409
threshold=0.96830805415560151 1.7962968342019978 6.5000000000000009 6.5000000000000009 1.5000000000000002 0.8143196978839734 2.5000000000000004 1.3517217879633232 5.5000000000000009 2.5000000000000004 2.5000000000000004 1.4203597272865978 0.55885072589252915 1.5000000000000002
decision_type=2 2 2 2 2 2 2 2 2 2 2 2 2 2
left_child=5 2 4 6 11 9 8 -6 -3 12 -11 -2 -1 -8
right_child=1 3 -4 -5 7 -7 13 -9 -10 10 -12 -13 -14 -15
leaf_value=-0.11845160359168759 -0.022515497084017733 0.020182399555583971 -0.032599551106807567 -0.019505812316442901 -0.0067529177376808996 -0.03584095898421584 -0.023695620658079619 0.010096628682454386 -0.00077498470490718454 -0.13999508612487518 -0.030406573232501174 -0.0050926217567995036 -0.073041066483468364 0.038247227051454946
leaf_weight=368 2515 5515 2095 848 3405 834 119 9833 1467 71 346 4427 576 3043
leaf_count=368 2515 5515 2095 848 3405 834 119 9833 1467 71 346 4427 576 3043
internal_value=-2.18585e-11 0.00408854 -0.00319556 0.0188496 -0.000142966 -0.0619652 0.022056 0.00576269 0.015779 -0.0779737 -0.0490655 -0.0114047 -0.0907435 0.035916
internal_weight=35462 33267 22275 10992 20180 2195 10144 13238 6982 1361 417 6942 944 3162
internal_count=35462 33267 22275 10992 20180 2195 10144 13238 6982 1361 417 6942 944 3162
is_linear=0
shrinkage=0.1


Tree=12
num_leaves=15
num_cat=0
split_feature=4 1 4 2 2 3 4 4 4 1 0 3 1 0
split_gain=728.413 307.371 285.615 98.462 93.0799 59.992 55.9674 54.876 50.3056 46.1688 38.7856 36.9442 33.0941 52.4199
threshold=0.89899409278311182 6.5000000000000009 1.726639304885957 1.5000000000000002 2.5000000000000004 3.5000000000000004 2.0450918688670123 1.3672125032854932 0.49618725120762164 5.5000000000000009 5.5000000000000009 11.500000000000002 5.5000000000000009 4.5000000000000009
decision_type=2 2 2 2 2 2 2 2 2 2 2 2 2 2
left_child=8 2 4 9 7 -6 -5 -2 -1 -4 -3 12 -9 -14
right_child=1 10 3 6 5 -7 -8 11 -10 -11 -12 -13 13 -15
leaf_value=-0.097050525919597841 -0.016408581924327873 -0.030370399206270538 0.011023188363271017 0.019319321591039884 -0.012383093015204755 0.014039494693755226 0.038775937214376721 -0.00062419664575215274 -0.05415341960679796 -0.012382383390499109 0.0033682829020520882 0.017984138219387311 -0.031775360884235715 0.0055156984550597055
leaf_weight=337 4194 2797 3604 6935 1077 4251 1879 5054 1448 1100 388 815 964 619
leaf_count=337 4194 2797 3604 6935 1077 4251 1879 5054 1448 1100 388 815 964 619
internal_value=-2.31386e-11 0.00329959 0.00638723 0.0172323 -0.00224974 0.00869844 0.0234672 -0.0072585 -0.0622522 0.00554995 -0.0262603 -0.00210881 -0.00457615 -0.0171934
internal_weight=35462 33677 30492 13518 16974 5328 8814 11646 1785 4704 3185 7452 6637 1583
internal_count=35462 33677 30492 13518 16974 5328 8814 11646 1785 4704 3185 7452 6637 1583
is_linear=0
shrinkage=0.1


Tree=13
num_leaves=15
num_cat=0
split_feature=4 1 4 0 4 2 3 4 2 2 3 4 4 3
split_gain=603.793 217.223 189.819 146.605 131.681 104.239 48.1433 41.9169 41.6062 36.8999 56.9527 37.9634 35.376 29.4998
threshold=1.2721210631747382 5.5000000000000009 0.8378938783822194 5.5000000000000009 1.7525203574597743 2.5000000000000004 3.5000000000000004 1.8719175136546948 1.5000000000000002 2.5000000000000004 2.5000000000000004 0.62768703174110907 2.122011656094192 2.5000000000000004
decision_type=2 2 2 2 2 2 2 2 2 2 2 2 2 2
left_child=2 4 9 5 8 7 -7 -3 -2 11 -11 -1 -6 -5
right_child=1 3 -4 13 12 6 -8 -9 -10 10 -12 -13 -14 -15
leaf_value=-0.092720537731292282 -0.004589919922819488 -0.025195200452285928 -0.019678077915287296 -0.015877399439266762 0.017150376989042645 -0.02159934415277515 0.016687459499227533 -0.0056512994525288367 0.0078530141869612713 -0.1179980459912504 -0.021696727670383463 -0.054065559082508444 0.035764850456144061 0.030800366952402021
leaf_weight=495 4018 4134 3633 156 8464 431 1380 1494 8114 74 361 522 1161 1025
leaf_count=495 4018 4134 3633 156 8464 431 1380 1494 8114 74 361 522 1161 1025
internal_value=1.24709e-11 0.0053387 -0.0318926 -0.00809595 0.0106614 -0.0132922 0.00757558 -0.0200071 0.00373204 -0.062454 -0.038079 -0.0728799 0.0193957 0.0246346
internal_weight=35462 30377 5085 8620 21757 7439 1811 5628 12132 1452 435 1017 9625 1181
internal_count=35462 30377 5085 8620 21757 7439 1811 5628 12132 1452 435 1017 9625 1181
is_linear=0
shrinkage=0.1


Tree=14
num_leaves=15
num_cat=0
split_feature=4 1 4 4 2 1 3 2 3 0 2 4 4 3
split_gain=489.678 174.33 167.958 146.903 96.6589 46.1422 45.157 58.4495 50.7091 43.4986 37.608 33.4924 30.6213 28.9244
threshold=1.2945722537308293 6.5000000000000009 0.8378938783822194 1.9461001228791643 1.5000000000000002 5.5000000000000009 9.5000000000000018 2.5000000000000004 1.5000000000000002 5.5000000000000009 2.5000000000000004 2.218371559643098 1.0000000180025095e-35 1.5000000000000002
decision_type=2 2 2 2 2 2 2 2 2 2 2 2 2 2
left_child=2 3 12 4 5 -2 7 -6 -9 -7 -5 -3 -1 -12
right_child=1 11 -4 10 6 9 -8 8 -10 -11 13 -13 -14 -15
leaf_value=-0.12223475389773333 -0.0012842610578421738 -0.021746073017295593 -0.01681408922473818 0.015656498873706712 -0.0049724538832712877 -0.024493413583562683 0.015888520738121616 -0.031333919281276955 0.014012756025099866 0.030918379613468723 -0.029854810796678066 0.065314994197752746 -0.053014590165036526 0.034715750770443581
leaf_weight=67 5488 2447 4250 4249 3945 1647 5079 261 4470 155 72 45 1385 1902
leaf_count=67 5488 2447 4250 4249 3945 1647 5079 261 4470 155 72 45 1385 1902
internal_value=-2.77808e-11 0.00514364 -0.0268458 0.0074574 0.0034661 -0.00584312 0.00839988 0.00401597 0.0115111 -0.0197271 0.0209552 -0.0201739 -0.0562086 0.0323606
internal_weight=35462 29760 5702 27268 21045 7290 13755 8676 4731 1802 6223 2492 1452 1974
internal_count=35462 29760 5702 27268 21045 7290 13755 8676 4731 1802 6223 2492 1452 1974
is_linear=0
shrinkage=0.1


Tree=15
num_leaves=15
num_cat=0
split_feature=4 1 4 4 2 1 0 3 2 3 2 3 2 4
split_gain=398.115 150.936 124.053 123.064 82.4166 39.0333 37.3142 36.5914 47.1137 47.9156 32.6146 45.8462 30.4625 27.6801
threshold=1.2721210631747382 6.5000000000000009 0.8143196978839734 1.9461001228791643 1.5000000000000002 5.5000000000000009 5.5000000000000009 9.5000000000000018 2.5000000000000004 3.5000000000000004 2.5000000000000004 2.5000000000000004 2.5000000000000004 2.218371559643098
decision_type=2 2 2 2 2 2 2 2 2 2 2 2 2 2
left_child=2 3 10 4 5 -2 -7 8 -6 -10 -1 -12 -5 -3
right_child=1 13 -4 12 7 6 -8 -9 9 -11 11 -13 -14 -15
leaf_value=-0.062022156248380179 -0.0014560990297220731 -0.020346921729123751 -0.016454623784532229 0.014090849363975947 -0.004468700203628384 -0.022575941736663441 0.028248313818085659 0.014039462737660789 -0.0056227078322586936 0.016413424492989628 -0.10163895572260234 -0.013421948913139857 0.029124534253909859 0.058783494688234184
leaf_weight=944 5641 2505 3724 4249 4048 1685 158 5224 1379 3469 71 346 1974 45
leaf_count=944 5641 2505 3724 4249 4048 1685 158 5224 1379 3469 71 346 1974 45
internal_value=2.12908e-11 0.00433507 -0.025897 0.0064689 0.00289975 -0.00558406 -0.0182188 0.00739641 0.00349541 0.0101453 -0.0517335 -0.0284421 0.0188597 -0.0189505
internal_weight=35462 30377 5085 27827 21604 7484 1843 14120 8896 4848 1361 417 6223 2550
internal_count=35462 30377 5085 27827 21604 7484 1843 14120 8896 4848 1361 417 6223 2550
is_linear=0
shrinkage=0.1


Tree=16
num_leaves=15
num_cat=0
split_feature=4 4 1 0 4 1 2 3 2 4 4 4 0 3
split_gain=337.09 142.692 107.412 88.5751 55.2074 50.9594 36.049 33.4311 29.2021 27.4438 25.3822 21.4401 23.3379 21.2601
threshold=1.3672125032854932 0.8378938783822194 5.5000000000000009 4.5000000000000009 1.730043049618097 6.5000000000000009 1.5000000000000002 11.500000000000002 1.5000000000000002 2.1051679393975067 0.3907544131188519 2.122011656094192 3.5000000000000004 8.5000000000000018
decision_type=2 2 2 2 2 2 2 2 2 2 2 2 2 2
left_child=1 10 4 7 -2 -5 -3 9 -6 -4 -1 12 -10 -8
right_child=2 6 3 5 8 -7 13 -9 11 -11 -12 -13 -14 -15
leaf_value=-0.084020261803049265 0.0037306179701056077 -0.020197120740233651 -0.019714360307355617 0.014934992515142445 0.007143461483222 -0.011034415767641852 -0.011659230665647556 0.014555395046999264 -0.0055000575069604476 0.01422245648536773 -0.041081399939586698 0.034339948900267134 0.01814011568682938 0.0022359043923263953
leaf_weight=154 8688 2817 3444 2489 3523 1085 2602 360 451 256 1298 747 5639 1909
leaf_count=154 8688 2817 3444 2489 3523 1085 2602 360 451 256 1298 747 5639 1909
internal_value=-5.21701e-11 -0.0169962 0.0055928 -0.00442946 0.00960949 0.00705116 -0.0113215 -0.0145358 0.0145396 -0.0173663 -0.0456355 0.0183507 0.0163894 -0.00577898
internal_weight=35462 8780 26682 7634 19048 3574 7328 4060 10360 3700 1452 6837 6090 4511
internal_count=35462 8780 26682 7634 19048 3574 7328 4060 10360 3700 1452 6837 6090 4511
is_linear=0
shrinkage=0.1


Tree=17
num_leaves=15
num_cat=0
split_feature=4 4 2 1 3 0 4 3 1 0 4 3 2 3
split_gain=273.043 115.581 92.3061 95.2292 89.4485 46.8921 40.9538 33.869 32.0169 30.0604 28.9338 25.7024 23.7258 37.0172
threshold=1.3672125032854932 0.8378938783822194 2.5000000000000004 5.5000000000000009 1.5000000000000002 5.5000000000000009 2.0030774947854542 11.500000000000002 5.5000000000000009 4.5000000000000009 1.8542842352070943 11.500000000000002 2.5000000000000004 2.5000000000000004
decision_type=2 2 2 2 2 2 2 2 2 2 2 2 2 2
left_child=1 12 3 7 -4 11 -6 10 -3 -10 -2 -5 -1 -14
right_child=2 8 4 5 6 -7 -8 -9 9 -11 -12 -13 13 -15
leaf_value=-0.049432063693155039 1.185907988537979e-05 -0.0049825302983552257 -0.031725400596976629 -0.014811085743550107 0.01317339815093186 0.018104949084119182 0.033163978997043542 0.019728517453180165 -0.027625439479001136 -0.0067364308399489869 0.01035665080680373 0.014445695137304785 -0.085957644932676824 -0.0083191828841812417
leaf_weight=1017 7136 4522 408 4651 6518 540 1216 1539 1591 1215 4353 321 74 361
leaf_count=1017 7136 4522 408 4651 6518 540 1216 1539 1591 1215 4353 321 74 361
internal_value=4.28472e-11 -0.0152966 0.00503352 0.00113574 0.0139091 -0.00988255 0.0163165 0.00579746 -0.0101894 -0.0185805 0.00393134 -0.0129222 -0.041072 -0.0215266
internal_weight=35462 8780 26682 18540 8142 5512 7734 13028 7328 2806 11489 4972 1452 435
internal_count=35462 8780 26682 18540 8142 5512 7734 13028 7328 2806 11489 4972 1452 435
is_linear=0
shrinkage=0.1


Tree=18
num_leaves=15
num_cat=0
split_feature=4 4 2 1 3 0 4 1 1 3 0 4 4 3
split_gain=221.165 94.5697 74.7679 77.1356 72.4533 37.9826 33.1726 33.1141 28.4331 27.4339 25.1096 23.8917 23.4363 20.8445
threshold=1.3672125032854932 0.77889583902744974 2.5000000000000004 5.5000000000000009 1.5000000000000002 5.5000000000000009 2.0030774947854542 6.5000000000000009 5.5000000000000009 11.500000000000002 5.5000000000000009 0.64397903145806012 1.8542842352070943 3.5000000000000004
decision_type=2 2 2 2 2 2 2 2 2 2 2 2 2 2
left_child=1 7 3 9 -4 -5 13 -1 -3 12 -10 -9 -2 -6
right_child=2 8 4 5 6 -7 -8 11 10 -11 -12 -13 -14 -15
leaf_value=-0.026780070946687391 1.0673225524809449e-05 -0.0044842773207294136 -0.028552860420370731 -0.011630000546381426 -0.00057231125161033005 0.016294454516890388 0.029847580740993418 -0.079897176991216845 -0.02043298783700552 0.017755665666376992 0.0079736838646717219 -0.033981809236145709 0.009320985873899677 0.014429191130152336
leaf_weight=816 7136 4522 408 4972 1118 540 1216 265 2626 1539 353 198 4353 5400
leaf_count=816 7136 4522 408 4972 1118 540 1216 265 2626 1539 353 198 4353 5400
internal_value=3.83098e-11 -0.013767 0.00453017 0.00102217 0.0125182 -0.0088943 0.0146848 -0.0389005 -0.00948143 0.00521771 -0.0170669 -0.0602617 0.0035382 0.0118561
internal_weight=35462 8780 26682 18540 8142 5512 7734 1279 7501 13028 2979 463 11489 6518
internal_count=35462 8780 26682 18540 8142 5512 7734 1279 7501 13028 2979 463 11489 6518
is_linear=0
shrinkage=0.1


Tree=19
num_leaves=15
num_cat=0
split_feature=4 4 1 4 2 2 3 3 1 0 3 1 4 0
split_gain=183.459 90.8901 58.6278 47.5028 38.2633 35.9817 33.3619 29.4371 28.4684 45.1787 26.0101 20.5355 19.3109 16.5884
threshold=1.4797265753864857 0.8378938783822194 6.5000000000000009 2.0450918688670123 1.5000000000000002 2.5000000000000004 2.5000000000000004 11.500000000000002 5.5000000000000009 4.5000000000000009 8.5000000000000018 7.5000000000000009 2.218371559643098 4.5000000000000009
decision_type=2 2 2 2 2 2 2 2 2 2 2 2 2 2
left_child=1 11 3 5 -3 7 13 8 -2 -10 -6 -1 -4 -7
right_child=2 4 12 -5 10 6 -8 -9 9 -11 -12 -13 -14 -15
leaf_value=-0.030362542028975422 0.0029636133357248636 -0.014317842470095772 -0.012979355754814355 0.018701109074463099 -0.0074505357644809953 0.00095323813953330648 0.014193180781267379 0.015744032675178481 -0.019963806172966565 0.0069353330465929596 0.0050329244126255182 -0.081019845071303498 0.053307313220575449 -0.03283550682379148
leaf_weight=1367 8513 4111 1882 2890 3896 482 5113 1363 1534 1053 2920 85 45 208
leaf_count=1367 8513 4111 1882 2890 3896 482 5113 1363 1534 1053 2920 85 45 208
internal_value=-2.40446e-11 -0.0098218 0.00526726 0.00678826 -0.00669825 0.00490344 0.0114078 0.00187489 0.000171862 -0.00901491 -0.00210257 -0.033328 -0.0114314 -0.00923235
internal_weight=35462 12379 23083 21156 10927 18266 5803 12463 11100 2587 6816 1452 1927 690
internal_count=35462 12379 23083 21156 10927 18266 5803 12463 11100 2587 6816 1452 1927 690
is_linear=0
shrinkage=0.1


Tree=20
num_leaves=15
num_cat=0
split_feature=4 2 4 3 2 3 2 1 4 3 3 1 2 4
split_gain=151.741 62.7056 50.8019 49.9376 49.4843 59.85 33.8842 32.2303 25.6518 24.2213 23.659 23.0935 21.7554 19.3968
threshold=1.3088096942795557 1.5000000000000002 0.70260605802460308 9.5000000000000018 2.5000000000000004 1.5000000000000002 1.5000000000000002 5.5000000000000009 1.9343934090643871 3.5000000000000004 3.5000000000000004 5.5000000000000009 2.5000000000000004 2.0045285488804994
decision_type=2 2 2 2 2 2 2 2 2 2 2 2 2 2
left_child=2 7 6 4 11 -6 -1 9 -5 -2 -7 -3 -4 -12
right_child=1 3 12 8 5 10 -8 -9 -10 -11 13 -13 -14 -15
leaf_value=-0.059252122017826148 -0.092036316314313027 -1.0403022729571011e-06 -0.014256224183925418 0.0099119869566138552 -0.026297630712577846 0.00029191594789470241 -0.020849354889051 -0.010892453366508148 0.024348582310555103 0.0011567980175259563 0.012305755616235904 -0.014000750178237004 0.00019676927007776548 0.031557078916456337
leaf_weight=364 28 3860 3777 5064 456 1472 623 3555 1626 7019 3879 1696 1438 605
leaf_count=364 28 3860 3777 5064 456 1472 623 3555 1626 7019 3879 1696 1438 605
internal_value=9.58427e-13 0.00301161 -0.0142083 0.00650122 0.00263325 0.00861885 -0.0350121 -0.00312961 0.0134208 0.000786512 0.0112921 -0.00427453 -0.0102709 0.0149032
internal_weight=35462 29260 6202 18658 11968 6412 987 10602 6690 7047 5956 5556 5215 4484
internal_count=35462 29260 6202 18658 11968 6412 987 10602 6690 7047 5956 5556 5215 4484
is_linear=0
shrinkage=0.1


Tree=21
num_leaves=15
num_cat=0
split_feature=4 4 1 4 2 2 1 3 0 4 3 2 3 0
split_gain=128.17 60.2292 40.5729 35.2716 26.2191 25.9729 24.7679 21.7891 21.4415 17.7801 16.4309 31.6315 21.0645 15.6961
threshold=1.4797265753864857 0.77889583902744974 6.5000000000000009 2.0641363113186242 1.5000000000000002 1.5000000000000002 6.5000000000000009 3.5000000000000004 3.5000000000000004 0.64397903145806012 9.5000000000000018 2.5000000000000004 2.5000000000000004 4.5000000000000009
decision_type=2 2 2 2 2 2 2 2 2 2 2 2 2 2
left_child=1 6 3 5 -3 -2 -1 -6 -7 -8 11 -10 13 -13
right_child=2 4 -4 -5 7 8 9 -9 10 -11 -12 12 -14 -15
leaf_value=-0.018276032047002694 -0.0010812375496481929 -0.012074699398078698 -0.0094888766449172934 0.016211603807977464 -0.015444828623235644 -0.0093709503501859161 -0.064171328297201194 0.00030477899602158873 -0.0022711540158420131 -0.024561583863881728 0.012952771231119892 0.0054485475022761909 0.014311952488352471 -0.028048806097447587
leaf_weight=816 6362 4197 1927 2759 1033 766 265 5870 3247 198 4116 423 3274 209
leaf_count=816 6362 4197 1927 2759 1033 766 265 5870 3247 198 4116 423 3274 209
internal_value=-3.30746e-11 -0.00820945 0.00440258 0.00566789 -0.00584171 0.00408665 -0.0287583 -0.00205207 0.00681852 -0.0472324 0.00791898 0.00502243 0.0110855 -0.0056289
internal_weight=35462 12379 23083 21156 11100 18397 1279 6903 12035 463 11269 7153 3906 632
internal_count=35462 12379 23083 21156 11100 18397 1279 6903 12035 463 11269 7153 3906 632
is_linear=0
shrinkage=0.1


Tree=22
num_leaves=15
num_cat=0
split_feature=4 1 4 1 2 4 2 4 3 0 2 3 4 4
split_gain=104.691 51.3215 41.8334 28.506 26.9618 18.3218 21.1337 17.0499 16.6082 20.535 17.7296 17.3301 15.9336 13.9353
threshold=1.2372016904034921 6.5000000000000009 1.8657218384718588 7.5000000000000009 1.5000000000000002 0.55885072589252915 1.5000000000000002 2.218371559643098 7.5000000000000009 4.5000000000000009 2.5000000000000004 3.5000000000000004 2.122011656094192 1.3185090693765102
decision_type=2 2 2 2 2 2 2 2 2 2 2 2 2 2
left_child=3 2 4 5 -2 6 -1 13 10 -10 -6 -12 -4 -3
right_child=1 7 12 -5 8 -7 -8 -9 9 -11 11 -13 -14 -15
leaf_value=-0.057476499449631936 -0.0041753571936728514 -0.03980447680822536 0.0073163360796311755 -0.054640156333889106 -0.0070444077999408123 -0.010379223477770101 -0.014349083909095098 0.04960560664120648 0.003950257122035194 0.016959852039800102 -0.0053299924731878235 0.0090543712656433704 0.019010758156029782 -0.010482902471649855
leaf_weight=186 6976 174 6823 168 2384 3871 292 45 5534 1554 1288 2395 1405 2367
leaf_count=186 6976 174 6823 168 2384 3871 292 45 5534 1554 1288 2395 1405 2367
internal_value=-1.12919e-11 0.00207588 0.00330565 -0.0142214 0.000850199 -0.01266 -0.0311309 -0.0114102 0.00351522 0.00680253 -0.000325314 0.00402394 0.00931326 -0.0124908
internal_weight=35462 30945 28359 4517 20131 4349 478 2586 13155 7088 6067 3683 8228 2541
internal_count=35462 30945 28359 4517 20131 4349 478 2586 13155 7088 6067 3683 8228 2541
is_linear=0
shrinkage=0.1


Tree=23
num_leaves=15
num_cat=0
split_feature=1 0 4 4 4 0 4 4 1 0 3 3 2 3
split_gain=89.9304 68.1783 38.9729 36.6228 25.3622 20.0791 20.6416 19.924 18.4555 17.9083 19.0603 14.2047 13.1262 12.862
threshold=5.5000000000000009 5.5000000000000009 1.5948466358941717 1.3637732532871041 0.92429996928852021 4.5000000000000009 2.3341282410882811 1.0000000180025095e-35 7.5000000000000009 5.5000000000000009 2.5000000000000004 11.500000000000002 1.5000000000000002 2.5000000000000004
decision_type=2 2 2 2 2 2 2 2 2 2 2 2 2 2
left_child=2 3 -1 7 -3 6 11 -2 -7 -4 -11 -5 -13 -9
right_child=1 4 9 5 -6 8 -8 13 -10 10 -12 12 -14 -15
leaf_value=-0.0011602762500798776 -0.077484166156500583 -0.015118429578576748 0.0074825861894030291 -0.012532987141659534 0.017799419144829378 0.0030065873420915263 0.066402928733399938 -0.040597281397545856 -0.037641126409364054 -0.09192250437815401 -0.008509222245882497 -0.023732136292126095 0.019805250173264642 -0.015776084009545149
leaf_weight=9999 56 284 13396 3752 1331 2466 35 223 117 34 141 94 263 3271
leaf_count=9999 56 284 13396 3752 1331 2466 35 223 117 34 141 94 263 3271
internal_value=-2.13481e-11 -0.00708964 0.003577 -0.0100912 0.0120108 -0.00575464 -0.010068 -0.0183087 0.0011654 0.00706739 -0.0247152 -0.0107193 0.00834162 -0.0173603
internal_weight=35462 11892 23570 10277 1615 6727 4144 3550 2583 13571 175 4109 357 3494
internal_count=35462 11892 23570 10277 1615 6727 4144 3550 2583 13571 175 4109 357 3494
is_linear=0
shrinkage=0.1


Tree=24
num_leaves=15
num_cat=0
split_feature=1 4 4 2 3 4 2 3 3 0 1 0 4 3
split_gain=74.28 51.2144 43.3422 22.9108 22.9981 17.7682 17.2731 21.8769 21.3868 17.2114 16.8317 15.0337 14.3961 13.2604
threshold=6.5000000000000009 1.5247367806404934 0.64397903145806012 1.5000000000000002 2.5000000000000004 2.153232141936765 2.5000000000000004 2.5000000000000004 14.500000000000002 3.5000000000000004 7.5000000000000009 5.5000000000000009 0.8378938783822194 9.5000000000000018
decision_type=2 2 2 2 2 2 2 2 2 2 2 2 2 2
left_child=1 6 -2 4 -3 9 8 -8 12 -5 11 -4 -1 -11
right_child=2 3 10 5 -6 -7 7 -9 -10 13 -12 -13 -14 -15
leaf_value=-0.02339410735055017 -0.052018514922117148 -0.090336035060629788 -0.010297291742032626 -0.0080621009075502788 0.0004827046371143504 0.023375105362364187 -0.018219622691886518 0.0049474301598597167 0.011866437908302442 0.0048416070075506445 -0.030579082241163846 0.01104376509995951 -0.0062470477960475581 0.011998617661046294
leaf_weight=525 265 28 2930 764 6680 655 464 3354 622 7098 363 372 7267 4075
leaf_count=525 265 28 2930 764 6680 655 464 3354 622 7098 363 372 7267 4075
internal_value=1.2404e-11 0.00161575 -0.0129638 0.00482417 0.000103616 0.00733889 -0.00344657 0.00213195 -0.00597793 0.00645896 -0.01014 -0.00789303 -0.00740236 0.0074519
internal_weight=35462 31532 3930 19300 6708 12592 12232 3818 8414 11937 3665 3302 7792 11173
internal_count=35462 31532 3930 19300 6708 12592 12232 3818 8414 11937 3665 3302 7792 11173
is_linear=0
shrinkage=0.1


Tree=25
num_leaves=15
num_cat=0
split_feature=1 0 1 4 4 0 4 3 0 3 2 4 4 3
split_gain=63.291 52.8659 46.7224 28.1821 27.2584 20.088 19.8648 15.9648 14.2244 15.1729 13.3599 13.0444 12.5938 10.3008
threshold=5.5000000000000009 4.5000000000000009 7.5000000000000009 0.92429996928852021 1.6705470952008794 5.5000000000000009 2.1051679393975067 11.500000000000002 5.5000000000000009 2.5000000000000004 1.5000000000000002 0.3907544131188519 0.64397903145806012 2.5000000000000004
decision_type=2 2 2 2 2 2 2 2 2 2 2 2 2 2
left_child=4 6 3 13 -1 -5 7 11 -6 -10 -9 -2 -4 -3
right_child=1 2 12 5 8 -7 -8 10 9 -11 -12 -13 -14 -15
leaf_value=-0.00051467623186711572 -0.061719720024552387 -0.046549878130296631 -0.10158003033311279 0.0023347737730337009 0.006687393784323821 0.017240197267325039 0.013664760483792841 -0.02287782332089415 -0.084827736183069657 -0.0079597947336375145 0.013484563159857047 -0.014447364882971232 -0.030143392255830133 -0.0095010097551910099
leaf_weight=11394 59 83 27 3091 12014 1278 284 139 32 130 370 5491 287 783
leaf_count=11394 59 83 27 3091 12014 1278 284 139 32 130 370 5491 287 783
internal_value=-3.2785e-11 -0.0059476 0.00118094 0.00342824 0.0030008 0.00669484 -0.0121838 -0.0133954 0.0062905 -0.0231436 0.00355456 -0.0149499 -0.036286 -0.0130519
internal_weight=35462 11892 5549 5235 23570 4369 6343 6059 12176 162 509 5550 314 866
internal_count=35462 11892 5549 5235 23570 4369 6343 6059 12176 162 509 5550 314 866
is_linear=0
shrinkage=0.1


Tree=26
num_leaves=15
num_cat=0
split_feature=4 1 2 3 3 4 2 4 3 1 0 2 3 4
split_gain=51.2984 26.9669 23.1606 29.5889 20.7248 19.3234 18.9198 27.7214 20.2535 16.837 15.246 13.656 16.6972 12.7098
threshold=1.4797265753864857 7.5000000000000009 2.5000000000000004 1.5000000000000002 12.500000000000002 2.2684468746594777 1.5000000000000002 0.64397903145806012 3.5000000000000004 5.5000000000000009 4.5000000000000009 2.5000000000000004 9.5000000000000018 2.0030774947854542
decision_type=2 2 2 2 2 2 2 2 2 2 2 2 2 2
left_child=1 6 4 -4 5 9 7 -1 -8 -2 -11 12 -10 -5
right_child=2 -3 3 13 -6 -7 8 -9 11 10 -12 -13 -14 -15
leaf_value=-0.040538674375556596 0.0013738681079342417 -0.038966174103452121 -0.02093550597489624 0.0069713939866920044 0.012446203342760092 0.026971239442271602 -0.013746288811974025 -0.0076730850486377237 -0.0094276315044200341 -0.011016864627387601 0.00089194517818421022 0.0059887134636483763 0.0041167481559334354 0.01826355792666283
leaf_weight=273 9951 232 347 5528 1368 253 1145 4284 2015 2574 1846 2770 1660 1216
leaf_count=273 9951 232 347 5528 1368 253 1145 4284 2015 2574 1846 2770 1660 1216
internal_value=-6.81577e-11 -0.00519366 0.00278527 0.0075422 0.000676001 -0.000425041 -0.00454863 -0.00964199 -0.0014906 -0.000907349 -0.00604319 0.000686712 -0.00330963 0.00900747
internal_weight=35462 12379 23083 7091 15992 14624 12147 4557 7590 14371 4420 6445 3675 6744
internal_count=35462 12379 23083 7091 15992 14624 12147 4557 7590 14371 4420 6445 3675 6744
is_linear=0
shrinkage=0.1


Tree=27
num_leaves=15
num_cat=0
split_feature=1 4 4 4 1 0 2 3 0 4 4 4 4 2
split_gain=43.6323 29.7549 28.1931 19.2802 13.7853 36.8562 13.7381 18.2951 13.1978 11.1153 11.0138 13.0137 10.8358 10.1592
threshold=6.5000000000000009 1.7962968342019978 0.64397903145806012 1.802644386203526 5.5000000000000009 4.5000000000000009 1.5000000000000002 4.5000000000000009 3.5000000000000004 0.92429996928852021 2.218371559643098 2.153232141936765 2.1082748486418397 3.5000000000000004
decision_type=2 2 2 2 2 2 2 2 2 2 2 2 2 2
left_child=1 4 -2 -3 -1 13 7 -5 -8 -7 11 12 -4 -6
right_child=2 3 10 6 5 9 8 -9 -10 -11 -12 -13 -14 -15
leaf_value=0.00067507076754663047 -0.041434231933628052 0.076795425197403677 -0.0082518450705858313 -0.084814634412527082 -0.013368041509730378 -0.0092640828546905751 -0.0090651642963037859 0.0010329453431239483 0.0093201944600169572 0.006549145903685257 0.041509497943851684 -0.067271804852360811 0.043453732169255979 0.029619550182750184
leaf_weight=15568 265 38 3542 25 3006 557 417 3533 6131 2201 45 37 41 56
leaf_count=15568 265 38 3542 25 3006 557 417 3533 6131 2201 45 37 41 56
internal_value=4.47464e-11 0.00123835 -0.00993578 0.00569886 -0.0008772 -0.00502939 0.00543152 0.000429744 0.00814935 0.00335554 -0.00765827 -0.00826947 -0.00766018 -0.0125819
internal_weight=35462 31532 3930 10144 21388 5820 10106 3558 6548 2758 3665 3620 3583 3062
internal_count=35462 31532 3930 10144 21388 5820 10106 3558 6548 2758 3665 3620 3583 3062
is_linear=0
shrinkage=0.1


Tree=28
num_leaves=15
num_cat=0
split_feature=4 2 3 2 3 2 3 4 0 4 4 3 1 1
split_gain=37.0362 19.4133 22.2218 23.9842 29.06 17.0408 23.6314 21.0904 12.8227 11.9016 11.5625 11.3278 10.8934 9.55074
threshold=1.3444027827265606 1.5000000000000002 9.5000000000000018 2.5000000000000004 3.5000000000000004 2.5000000000000004 2.5000000000000004 0.62768703174110907 3.5000000000000004 1.9651283815849063 2.3341282410882811 1.5000000000000002 7.5000000000000009 5.5000000000000009
decision_type=2 2 2 2 2 2 2 2 2 2 2 2 2 2
left_child=5 10 3 -3 11 7 -7 12 -6 -4 13 -5 -1 -2
right_child=1 2 9 4 8 6 -8 -9 -10 -11 -12 -13 -14 -15
leaf_value=-0.024814778194338701 4.7857683119208721e-05 -0.0038847148293943128 0.0060679955867825501 -0.019305341124508976 -0.012783307221937268 -0.02471683698929104 0.0055089633584995759 -0.0072900829667543916 0.011097906812951946 0.0164560384950647 0.034255168575724713 -0.00086523453890024126 -0.081939745689224866 -0.006478495659155154
leaf_weight=459 6654 5346 4988 436 238 301 1839 4802 4065 1416 88 1412 36 3382
leaf_count=459 6654 5346 4988 436 238 301 1839 4802 4065 1416 88 1412 36 3382
internal_value=5.56531e-11 0.00166478 0.0036441 0.00101453 0.00527259 -0.00627344 0.00125758 -0.00931599 0.00977703 0.00836491 -0.00183498 -0.00521582 -0.0289693 -0.00215144
internal_weight=35462 28025 17901 11497 6151 7437 2140 5297 4303 6404 10124 1848 495 10036
internal_count=35462 28025 17901 11497 6151 7437 2140 5297 4303 6404 10124 1848 495 10036
is_linear=0
shrinkage=0.1


Tree=29
num_leaves=15
num_cat=0
split_feature=4 1 3 2 3 4 2 3 2 3 0 4 4 1
split_gain=30.5325 19.6755 14.7087 21.78 19.3282 14.6469 12.9998 11.973 18.6979 15.2609 9.73386 8.99175 8.88176 8.97642
threshold=1.5948466358941717 7.5000000000000009 2.5000000000000004 2.5000000000000004 14.500000000000002 0.62768703174110907 1.5000000000000002 9.5000000000000018 2.5000000000000004 3.5000000000000004 4.5000000000000009 2.2684468746594777 2.3341282410882811 5.5000000000000009
decision_type=2 2 2 2 2 2 2 2 2 2 2 2 2 2
left_child=1 2 -1 4 5 -4 12 8 11 -10 -5 -8 13 -2
right_child=6 -3 3 10 -6 -7 7 -9 9 -11 -12 -13 -14 -15
leaf_value=-0.014841118679924353 0.0014258386943708579 -0.030218909782530376 -0.023702080856310204 0.00090948906033762713 0.011458908459615974 -0.0045962005142255865 -0.0037402089953237185 0.0089297677993002266 -0.0023381888347223287 0.010834426098110281 0.011274769691287902 0.03037905625043337 0.030829651785263031 -0.0063071228976709906
leaf_weight=940 4514 264 418 2851 731 10012 3468 4330 1256 2934 1328 79 88 2249
leaf_count=940 4514 264 418 2851 731 10012 3468 4330 1256 2934 1328 79 88 2249
internal_value=-4.23553e-11 -0.00313774 -0.00269859 -0.00195452 -0.00426021 -0.0053619 0.00274399 0.00471917 0.00236272 0.00688579 0.00420336 -0.00298029 -0.000734998 -0.00114572
internal_weight=35462 16544 16280 15340 11161 10430 18918 12067 7737 4190 4179 3547 6851 6763
internal_count=35462 16544 16280 15340 11161 10430 18918 12067 7737 4190 4179 3547 6851 6763
is_linear=0
shrinkage=0.1


Tree=30
num_leaves=15
num_cat=0
split_feature=1 4 4 2 0 3 3 2 3 0 0 0 1 3
split_gain=26.37 19.0086 17.4848 13.019 17.3364 16.6089 11.9187 15.4411 14.7429 14.0867 12.9658 9.08137 13.4585 9.8983
threshold=6.5000000000000009 2.0641363113186242 0.64397903145806012 1.5000000000000002 3.5000000000000004 2.5000000000000004 7.5000000000000009 2.5000000000000004 2.5000000000000004 4.5000000000000009 4.5000000000000009 5.5000000000000009 5.5000000000000009 11.500000000000002
decision_type=2 2 2 2 2 2 2 2 2 2 2 2 2 2
left_child=1 3 -2 5 -5 -1 7 -6 9 -9 -8 12 13 -7
right_child=2 -3 -4 4 6 11 10 8 -10 -11 -12 -13 -14 -15
leaf_value=-0.067024360746145248 -0.032529730174585055 0.0088916598597125248 -0.0059306137670136613 -0.0099972979840070812 -0.0055069196887566219 -0.0017442304996048942 0.002861760910979943 0.0015012348155841774 0.006112151553751978 -0.023194692851393486 0.011512468380757708 0.014765972028657329 -0.0091446383405222893 0.013003768150612298
leaf_weight=40 265 2759 3665 1177 3322 6562 7118 632 3887 364 2290 297 2595 489
leaf_count=40 265 2759 3665 1177 3322 6562 7118 632 3887 364 2290 297 2595 489
internal_value=4.44101e-11 0.000962707 -0.00772419 0.000202412 0.00175288 -0.00271588 0.00253809 -0.000247427 0.00333071 -0.00752418 0.00496743 -0.00245717 -0.00298747 -0.000721429
internal_weight=35462 31532 3930 28773 18790 9983 17613 8205 4883 996 9408 9943 9646 7051
internal_count=35462 31532 3930 28773 18790 9983 17613 8205 4883 996 9408 9943 9646 7051
is_linear=0
shrinkage=0.1


Tree=31
num_leaves=15
num_cat=0
split_feature=4 4 4 2 3 1 0 0 0 3 4 4 4 1
split_gain=23.702 12.4917 11.3029 9.62498 13.5343 9.52845 24.5624 9.87615 9.42659 18.4955 8.46996 8.02685 8.3912 7.76116
threshold=1.3444027827265606 2.122011656094192 1.0000000180025095e-35 2.5000000000000004 4.5000000000000009 5.5000000000000009 5.5000000000000009 4.5000000000000009 5.5000000000000009 1.5000000000000002 2.0045285488804994 1.772504200660127 1.5824884779737773 7.5000000000000009
decision_type=2 2 2 2 2 2 2 2 2 2 2 2 2 2
left_child=2 5 -1 -4 -5 8 7 -7 -2 -10 13 12 -8 -9
right_child=1 -3 3 4 -6 6 11 10 9 -11 -12 -13 -14 -15
leaf_value=-0.045906368540009179 0.0023005350733739608 0.010203633459352178 -0.0069501996601338475 -0.010768345394014929 0.0064144136648170598 -0.0074537650655094219 0.0163727995042512 1.024247269321858e-05 -0.1006110113982383 -0.0083767923108429062 0.019227298222355207 0.023224011363823023 -0.0066072449669422164 -0.026626216367383122
leaf_weight=67 18595 1502 5241 668 1461 4058 326 2242 24 231 220 402 310 115
leaf_count=67 18595 1502 5241 668 1461 4058 326 2242 24 231 220 402 310 115
internal_value=-1.8058e-11 0.00133179 -0.00501863 -0.00464692 0.00102311 0.000829381 -0.00214142 -0.00437927 0.00203866 -0.0170577 0.000462148 0.0121631 0.00517183 -0.00128937
internal_weight=35462 28025 7437 7370 2129 26523 7673 6635 18850 255 2577 1038 636 2357
internal_count=35462 28025 7437 7370 2129 26523 7673 6635 18850 255 2577 1038 636 2357
is_linear=0
shrinkage=0.1


Tree=32
num_leaves=15
num_cat=0
split_feature=4 1 0 4 1 0 4 2 2 3 4 0 4 4
split_gain=20.0059 17.3943 14.5743 12.5567 9.9341 9.48695 13.0277 11.0998 9.39211 10.4655 7.89982 7.44236 6.96556 9.46203
threshold=1.7962968342019978 5.5000000000000009 5.5000000000000009 1.802644386203526 7.5000000000000009 4.5000000000000009 1.7851602939594755 3.5000000000000004 1.5000000000000002 2.5000000000000004 1.8566011550509269 3.5000000000000004 1.3655956916186813 1.1187307799181914
decision_type=2 2 2 2 2 2 2 2 2 2 2 2 2 2
left_child=1 -1 4 -2 5 6 7 12 9 -5 -11 -10 13 -3
right_child=3 2 -4 8 -6 -7 -8 -9 11 10 -12 -13 -14 -15
leaf_value=0.00042419810744200037 0.058781327398085018 -0.007208864042391995 0.0050259460109962784 -0.065013322770595558 -0.025289936127893209 -0.0014145788135047834 -0.048069959124886846 0.030321258938921666 -0.007273641629210445 -0.010855043533547984 0.001734048482211257 0.0063993540953995592 -0.0048872710562840004 -0.020596670602262248
leaf_weight=15568 41 1267 1222 25 278 2777 83 74 424 584 3403 6515 2296 905
leaf_count=15568 41 1267 1222 25 278 2777 83 74 424 584 3403 6515 2296 905
internal_value=-2.20692e-12 -0.00159191 -0.00511773 0.00354386 -0.00673173 -0.00603474 -0.00880883 -0.00809137 0.00333705 -0.000514385 -0.000109952 0.00556388 -0.00872757 -0.0127871
internal_weight=35462 24470 8902 10992 7680 7402 4625 4542 10951 4012 3987 6939 4468 2172
internal_count=35462 24470 8902 10992 7680 7402 4625 4542 10951 4012 3987 6939 4468 2172
is_linear=0
shrinkage=0.1


Tree=33
num_leaves=15
num_cat=0
split_feature=4 2 3 2 3 0 3 2 4 4 4 4 0 2
split_gain=17.41 10.8835 15.0157 13.6971 17.6798 12.5925 10.6289 12.8679 10.1943 8.57031 8.3541 10.3439 8.14725 7.94781
threshold=1.2372016904034921 1.5000000000000002 9.5000000000000018 2.5000000000000004 1.5000000000000002 3.5000000000000004 2.5000000000000004 2.5000000000000004 0.62768703174110907 1.7886522798879532 1.1187307799181914 1.0586262325114151 3.5000000000000004 3.5000000000000004
decision_type=2 2 2 2 2 2 2 2 2 2 2 2 2 2
left_child=6 12 3 -3 -5 -6 -1 8 -8 -7 11 -10 -2 -4
right_child=1 2 13 4 5 9 7 -9 10 -11 -12 -13 -14 -15
leaf_value=-0.023954090484854244 0.011875017564081628 -0.0033376958907403915 0.0053795069808060788 -0.015256245020414375 -0.011781199841276693 0.0029829943799065972 -0.021197072513068616 0.0049460834690542394 -0.0021779004798267517 0.010926476712208795 -0.01112129474136599 0.033256037913220508 -0.0021770928982291155 0.025750543041920607
leaf_weight=301 429 5874 6889 479 433 3709 477 1074 1291 2143 1286 88 10792 197
leaf_count=301 429 5874 6889 479 433 3709 477 1074 1291 2143 1286 88 10792 197
internal_value=3.7759e-11 0.000846541 0.00226105 0.000195026 0.00326292 0.00467432 -0.00579947 -0.00450333 -0.00773333 0.00589189 -0.0053235 8.32936e-05 -0.00163985 0.00594585
internal_weight=35462 30945 19724 12638 6764 6285 4517 4216 3142 5852 2665 1379 11221 7086
internal_count=35462 30945 19724 12638 6764 6285 4517 4216 3142 5852 2665 1379 11221 7086
is_linear=0
shrinkage=0.1


Tree=34
num_leaves=15
num_cat=0
split_feature=1 4 4 3 2 3 4 4 0 1 4 3 1 2
split_gain=15.2379 13.5291 15.2598 8.28852 10.3473 13.2838 7.24406 6.94235 7.97836 7.32356 6.43333 5.96379 9.23563 7.53855
threshold=7.5000000000000009 1.6446687287615307 1.6471165539679047 1.5000000000000002 2.5000000000000004 14.500000000000002 2.2684468746594777 0.64397903145806012 4.5000000000000009 6.5000000000000009 0.70260605802460308 4.5000000000000009 6.5000000000000009 3.5000000000000004
decision_type=2 2 2 2 2 2 2 2 2 2 2 2 2 2
left_child=1 3 -3 -1 5 7 -4 8 -5 -10 -2 13 -13 -6
right_child=10 2 6 4 11 -7 -8 -9 9 -11 -12 12 -14 -15
leaf_value=-0.015017879178036361 -0.051472838085006793 0.067210351799925169 0.0017226551301318853 -0.02883076067848736 -0.0060360894074434259 0.0096599375940016885 0.015077149303341196 -0.0033342308646464106 0.0092859147841227244 -0.028936461025006965 -0.014375342196015628 0.0033201672127045282 0.024610181852492766 0.016550886610139866
leaf_weight=459 54 36 17221 234 1176 778 416 10782 160 73 348 3339 217 169
leaf_count=459 54 36 17221 234 1176 778 416 10782 160 73 348 3339 217 169
internal_value=-1.84981e-11 0.000221967 0.0021704 -0.00175852 -0.00139899 -0.00297724 0.00203764 -0.00385125 -0.015788 -0.00268934 -0.0193586 0.00247401 0.00461936 -0.00319802
internal_weight=35462 35060 17673 17387 16928 12027 17637 11249 467 233 402 4901 3556 1345
internal_count=35462 35060 17673 17387 16928 12027 17637 11249 467 233 402 4901 3556 1345
is_linear=0
shrinkage=0.1


Tree=35
num_leaves=15
num_cat=0
split_feature=1 0 0 4 4 0 4 1 1 3 2 2 2 4
split_gain=13.175 24.7981 13.6796 10.2774 9.42492 8.1717 10.5204 9.55712 7.29845 6.58178 9.74967 9.84772 9.12447 6.57001
threshold=5.5000000000000009 5.5000000000000009 6.5000000000000009 2.007295563681804 1.772504200660127 4.5000000000000009 2.0045285488804994 7.5000000000000009 6.5000000000000009 12.500000000000002 1.5000000000000002 2.5000000000000004 3.5000000000000004 1.726639304885957
decision_type=2 2 2 2 2 2 2 2 2 2 2 2 2 2
left_child=2 3 13 5 -3 6 9 -7 -5 -2 -11 -12 -13 -1
right_child=1 4 -4 8 -6 7 -8 -9 -10 10 11 12 -14 -15
leaf_value=-7.2593881507143052e-05 -0.0083997698368336506 0.0040213360546740348 -0.081298767663538454 0.01214075869275655 0.021003397631070037 -0.00041192782417552392 -0.068918695443842035 -0.021383337557901921 -0.0095538925660897701 -0.017151894121672267 0.035158982448265853 -0.018249000929405585 0.040309767199990652 0.003284538337437234
leaf_weight=12944 5384 1160 20 585 455 3431 28 232 211 135 133 102 36 10606
leaf_count=12944 5384 1160 20 585 455 3431 28 232 211 135 133 102 36 10606
internal_value=2.34677e-11 -0.0027136 0.00136912 -0.00452384 0.00880576 -0.00544014 -0.00776963 -0.00174017 0.00639004 -0.00747392 0.00480392 0.0157413 -0.0029728 0.00143933
internal_weight=35462 11892 23570 10277 1615 9481 5818 3663 796 5790 406 271 138 23550
internal_count=35462 11892 23570 10277 1615 9481 5818 3663 796 5790 406 271 138 23550
is_linear=0
shrinkage=0.1


Tree=36
num_leaves=15
num_cat=0
split_feature=4 3 2 3 2 3 1 1 0 0 4 4 0 2
split_gain=11.1287 10.4125 8.64861 11.8945 12.686 16.8794 9.39501 7.66437 7.49063 7.31175 6.92968 6.79597 6.74312 6.35091
threshold=0.89899409278311182 3.5000000000000004 1.5000000000000002 9.5000000000000018 2.5000000000000004 4.5000000000000009 6.5000000000000009 6.5000000000000009 3.5000000000000004 4.5000000000000009 1.9651283815849063 2.1043784321526293 4.5000000000000009 3.5000000000000004
decision_type=2 2 2 2 2 2 2 2 2 2 2 2 2 2
left_child=1 -1 8 4 -4 7 -7 -6 11 -8 12 -2 -5 -9
right_child=2 -3 3 10 5 6 9 13 -10 -11 -12 -13 -14 -15
leaf_value=-0.0292563674868501 0.0077041848020062524 -0.0049892127385946089 -0.0033901835175315399 0.0017064080145094496 -0.0011557971154859778 0.0059726576246464354 0.0056583502084801077 -0.026300772477511888 -0.0021947832341143686 0.046382174791679498 0.01108821103084434 0.058534520142711703 0.0099064274587915991 0.0094540292819147009
leaf_weight=199 434 1586 6409 5023 2956 3867 76 222 11824 105 1416 28 1253 64
leaf_count=199 434 1586 6409 5023 2956 3867 76 222 11824 105 1416 28 1253 64
internal_value=-2.51733e-11 -0.00769463 0.000407842 0.00162234 -0.000144646 0.00270867 0.00701493 -0.00266818 -0.0017067 0.0292827 0.00476923 0.0107848 0.00334354 -0.0182997
internal_weight=35462 1785 33677 21391 13699 7290 4048 3242 12286 181 7692 462 6276 286
internal_count=35462 1785 33677 21391 13699 7290 4048 3242 12286 181 7692 462 6276 286
is_linear=0
shrinkage=0.1


Tree=37
num_leaves=15
num_cat=0
split_feature=1 4 1 0 4 4 0 4 2 4 4 3 4 2
split_gain=9.93842 8.52057 7.55793 15.1707 5.95436 5.56687 5.4823 5.13903 7.51894 6.41072 5.09048 5.00285 5.66441 5.87446
threshold=7.5000000000000009 1.8657218384718588 5.5000000000000009 4.5000000000000009 0.89899409278311182 1.1187307799181914 5.5000000000000009 1.7851602939594755 3.5000000000000004 1.7962968342019978 0.70260605802460308 9.5000000000000018 1.7760091725588103 1.5000000000000002
decision_type=2 2 2 2 2 2 2 2 2 2 2 2 2 2
left_child=1 2 5 7 -5 -1 -6 8 11 -9 -2 -4 13 -13
right_child=10 -3 3 4 6 -7 -8 9 -10 -11 -12 12 -14 -15
leaf_value=0.025050415043116794 -0.044200623635616568 0.0028628829222300234 -0.010739515196089783 -0.0062856783962727623 0.00063733839160993132 0.00038512668449838783 0.009481060623631115 -0.04229295944727688 0.025799725320492239 -0.011230283430581717 -0.01120124281960775 -0.0069877720412696914 0.026348171101455566 0.0039258895507169383
leaf_weight=92 54 8846 1637 817 2395 16961 991 83 74 333 348 2128 61 642
leaf_count=92 54 8846 1637 817 2395 16961 991 83 74 333 348 2128 61 642
internal_value=-2.21491e-11 0.00017926 -0.000726337 -0.00304301 0.00137682 0.000518195 0.00322568 -0.00678978 -0.00581544 -0.0174279 -0.015634 -0.00633906 -0.00379453 -0.00445832
internal_weight=35462 35060 26214 9161 4203 17053 3386 4958 4542 416 402 4468 2831 2770
internal_count=35462 35060 26214 9161 4203 17053 3386 4958 4542 416 402 4468 2831 2770
is_linear=0
shrinkage=0.1


Tree=38
num_leaves=15
num_cat=0
split_feature=3 2 3 4 4 4 0 4 1 3 1 3 0 1
split_gain=9.11582 13.9138 14.5221 10.7074 8.56336 7.3686 7.23534 7.0237 6.59499 6.50299 8.07822 9.0169 8.28451 7.52799
threshold=2.5000000000000004 2.5000000000000004 12.500000000000002 0.64397903145806012 0.87847274123125296 2.2684468746594777 4.5000000000000009 0.6085584861399802 6.5000000000000009 7.5000000000000009 6.5000000000000009 9.5000000000000018 5.5000000000000009 5.5000000000000009
decision_type=2 2 2 2 2 2 2 2 2 2 2 2 2 2
left_child=4 2 3 -2 -1 9 7 -3 -8 -5 12 -12 -11 -14
right_child=1 6 -4 5 -6 -7 8 -9 -10 10 11 -13 13 -15
leaf_value=-0.031682121758820452 -0.016254591013397449 0.039224134951829914 0.0072016548500598403 -0.0050474752400472868 -0.0047878837130283722 0.015897371835473111 0.0064065740020395785 0.0015990712396244393 0.022952866573793612 -0.000219151156858468 -0.025680747080170679 -0.004168359073254249 -0.010765077752960865 0.019766153497833082
leaf_weight=126 488 50 2045 4113 1961 247 2463 6441 267 14579 216 1989 103 374
leaf_count=126 488 50 2045 4113 1961 247 2463 6441 267 14579 216 1989 103 374
internal_value=-1.42678e-11 0.000400928 -0.00086063 -0.00160636 -0.00641159 -0.00127574 0.00370552 0.0018889 0.00802484 -0.00147419 -0.000622743 -0.0062757 0.00020515 0.0131735
internal_weight=35462 33375 24154 22109 2087 21621 9221 6491 2730 21374 17261 2205 15056 477
internal_count=35462 33375 24154 22109 2087 21621 9221 6491 2730 21374 17261 2205 15056 477
is_linear=0
shrinkage=0.1


Tree=39
num_leaves=15
num_cat=0
split_feature=4 4 3 2 4 0 3 4 4 0 4 4 3 3
split_gain=7.86741 6.37868 6.33005 6.67341 6.37122 6.77286 5.54452 8.47689 5.17526 5.08998 4.10938 7.49304 3.96923 3.78412
threshold=1.4797265753864857 1.0000000180025095e-35 14.500000000000002 1.5000000000000002 0.64397903145806012 6.5000000000000009 9.5000000000000018 0.6085584861399802 2.122011656094192 3.5000000000000004 1.1187307799181914 1.1324149904445073 12.500000000000002 2.5000000000000004
decision_type=2 2 2 2 2 2 2 2 2 2 2 2 2 2
left_child=1 -1 3 4 -3 10 9 -8 13 -5 -6 -12 -9 -2
right_child=8 2 -4 6 5 -7 7 12 -10 -11 11 -13 -14 -15
leaf_value=-0.032805487391219211 -0.004624323215047875 -0.020629664007947562 0.0068046905886296766 -0.016250617242610409 0.0014088624628134107 0.050785200721160932 0.035008168438763684 0.0039081429436551374 0.0067664794645049906 -0.0016610803387352695 -0.042373786925485261 -0.0058005254337277603 -0.010413591284304857 0.0010253362009461566
leaf_weight=67 1259 262 788 252 838 22 83 1859 1502 4682 57 3253 216 20322
leaf_count=67 1259 262 788 252 838 22 83 1859 1502 4682 57 3253 216 20322
internal_value=1.22755e-11 -0.00203394 -0.00186648 -0.00245941 -0.00550349 -0.00455312 -0.000557072 0.0036708 0.00109076 -0.00240623 -0.00484662 -0.00643034 0.0024173 0.000695744
internal_weight=35462 12379 12312 11524 4432 4170 7092 2158 23083 4934 4148 3310 2075 21581
internal_count=35462 12379 12312 11524 4432 4170 7092 2158 23083 4934 4148 3310 2075 21581
is_linear=0
shrinkage=0.1


Tree=40
num_leaves=15
num_cat=0
split_feature=1 0 0 4 4 4 0 4 0 2 3 1 3 4
split_gain=7.15313 14.4095 10.8532 7.00215 6.00143 5.87975 5.60054 6.84081 5.65982 5.65712 6.69425 5.52361 5.1738 4.96709
threshold=5.5000000000000009 5.5000000000000009 6.5000000000000009 1.772504200660127 2.007295563681804 1.7361823432521746 3.5000000000000004 2.1158673496986755 5.5000000000000009 1.5000000000000002 6.5000000000000009 6.5000000000000009 11.500000000000002 1.0000000180025095e-35
decision_type=2 2 2 2 2 2 2 2 2 2 2 2 2 2
left_child=2 4 6 5 13 -3 7 -1 9 10 -8 -6 -12 -2
right_child=1 3 -4 -5 11 -7 8 -9 -10 -11 12 -13 -14 -15
leaf_value=-0.0063703202179050678 -0.033773722898747242 0.004502639547124267 -0.072625312004238371 0.017295147447084377 0.0099634318179092733 -0.024815225340936282 -0.021840541455573563 0.023852154008949859 -0.012165113838389516 0.0028331563668084116 -0.00085746400129208759 -0.0089099070757971775 0.0097298291250781134 -0.0039031672228333997
leaf_weight=1441 56 1087 20 455 585 73 145 79 300 14255 6835 211 495 9425
leaf_count=1441 56 1087 20 455 585 73 145 79 300 14255 6835 211 495 9425
internal_value=8.35233e-12 -0.00199949 0.00100882 0.00678152 -0.0033794 0.00265764 0.00107136 -0.00479955 0.00147643 0.00166476 -0.000563395 0.00496057 -0.000142497 -0.0040796
internal_weight=35462 11892 23570 1615 10277 1160 23550 1520 22030 21730 7475 796 7330 9481
internal_count=35462 11892 23570 1615 10277 1160 23550 1520 22030 21730 7475 796 7330 9481
is_linear=0
shrinkage=0.1


Tree=41
num_leaves=15
num_cat=0
split_feature=1 3 0 1 3 3 2 4 4 3 0 2 3 1
split_gain=6.80663 5.59436 9.62308 15.5243 10.044 9.03192 7.09945 6.86191 6.38999 6.16733 8.93622 10.2955 6.77724 7.25036
threshold=7.5000000000000009 2.5000000000000004 4.5000000000000009 5.5000000000000009 14.500000000000002 13.500000000000002 2.5000000000000004 2.3341282410882811 1.730043049618097 9.5000000000000018 3.5000000000000004 1.5000000000000002 7.5000000000000009 6.5000000000000009
decision_type=2 2 2 2 2 2 2 2 2 2 2 2 2 2
left_child=1 -1 3 8 5 6 -4 9 -3 12 -11 -12 13 -5
right_child=-2 2 4 7 -6 -7 -8 -9 -10 10 11 -13 -14 -15
leaf_value=-0.0049577064440857656 -0.012938304031522602 -0.0007316732359192819 0.00083154252250905209 -0.010873981712563048 0.022136613583101566 -0.048634884101064771 0.0071933155561686004 0.039837851736913711 0.0029665938174714209 0.019171882748603822 -0.0069033169573501753 0.0053088977362226557 -0.019036988558456376 0.0044605631728992581
leaf_weight=2022 402 10667 5103 989 278 34 2673 34 8313 175 2850 911 563 448
leaf_count=2022 402 10667 5103 989 278 34 2673 34 8313 175 2850 911 563 448
internal_value=1.73645e-11 0.000148351 0.000460854 -0.000510854 0.00345839 0.00279353 0.0030184 -0.00495852 0.000888121 -0.0052151 -0.00291742 -0.00394524 -0.00973693 -0.00609327
internal_weight=35462 35060 33038 24950 8088 7810 7776 5970 18980 5936 3936 3761 2000 1437
internal_count=35462 35060 33038 24950 8088 7810 7776 5970 18980 5936 3936 3761 2000 1437
is_linear=0
shrinkage=0.1


Tree=42
num_leaves=15
num_cat=0
split_feature=1 3 2 0 1 3 3 4 3 4 4 2 3 2
split_gain=5.51337 4.53144 8.68715 7.53454 12.5205 8.37722 7.23344 5.80119 5.72153 5.16778 9.37778 5.03036 6.85262 7.941
threshold=7.5000000000000009 2.5000000000000004 3.5000000000000004 4.5000000000000009 5.5000000000000009 14.500000000000002 13.500000000000002 2.3341282410882811 25.500000000000004 2.1639112665915126 2.1082748486418397 1.5000000000000002 7.5000000000000009 2.5000000000000004
decision_type=2 2 2 2 2 2 2 2 2 2 2 2 2 2
left_child=1 -1 3 4 8 6 11 9 -3 10 -6 -5 13 -13
right_child=-2 2 -4 5 7 -7 -8 -9 -10 -11 -12 12 -14 -15
leaf_value=-0.0044619358603780355 -0.011644473490358097 0.00068447236596872602 0.011988917937789277 -0.00090560839757560907 -0.0052020275885567777 0.019922952014290105 -0.043771394963978846 0.037113659518460435 -0.033188661538064483 -0.031012948396693298 0.022066008303198936 -0.0062060808247037481 0.0081192420154872057 0.0055818097236238658
leaf_weight=2022 402 18555 636 2806 5654 278 34 33 50 75 129 997 2452 1339
leaf_count=2022 402 18555 636 2806 5654 278 34 33 50 75 129 997 2452 1339
internal_value=-9.12753e-12 0.000133516 0.000414768 0.000187586 -0.000678724 0.00287177 0.00225034 -0.00469648 0.00059344 -0.00493201 -0.00459377 0.00245639 0.00442668 0.000550762
internal_weight=35462 35060 33038 32402 24496 7906 7628 5891 18605 5858 5783 7594 4788 2336
internal_count=35462 35060 33038 32402 24496 7906 7628 5891 18605 5858 5783 7594 4788 2336
is_linear=0
shrinkage=0.1


Tree=43
num_leaves=15
num_cat=0
split_feature=4 4 2 4 4 4 3 4 4 4 1 4 4 4
split_gain=4.94278 9.49047 5.80528 4.06399 3.91762 3.80042 3.30507 7.77163 5.1608 16.8535 7.96072 4.10957 3.45467 3.28386
threshold=1.3088096942795557 1.3164455194612825 3.5000000000000004 1.3186990995297665 1.0000000180025095e-35 2.2684468746594777 2.5000000000000004 0.87847274123125296 1.1187307799181914 0.96830805415560151 6.5000000000000009 1.1324149904445073 1.0586262325114151 1.1656012481144915
decision_type=2 2 2 2 2 2 2 2 2 2 2 2 2 2
left_child=2 -2 4 -3 -1 -5 7 -6 9 -8 11 -10 -11 -13
right_child=1 3 -4 5 6 -7 8 -9 10 12 -12 13 -14 -15
leaf_value=-0.027303162815444398 0.024386187629347827 -0.0080060349688659514 0.015827536483401222 0.00043296682481607076 -0.036143280299646516 0.010050086346281831 -0.0023688061146898347 -0.0026001170296251824 -0.019099241916030168 0.014221635595712738 -0.020547071646013271 0.01785416182739517 0.034797503948211676 -0.0029466403888945419
leaf_weight=66 166 563 167 28114 98 417 1923 234 155 255 291 78 120 2815
leaf_count=66 166 563 167 28114 98 417 1923 234 155 255 291 78 120 2815
internal_value=2.10044e-11 0.000543542 -0.00256434 0.000407504 -0.00307328 0.000573528 -0.00280536 -0.0125014 -0.0022343 0.00141297 -0.00474446 -0.00323574 0.0208059 -0.00238582
internal_weight=35462 29260 6202 29094 6035 28531 5969 332 5637 2298 3339 3048 375 2893
internal_count=35462 29260 6202 29094 6035 28531 5969 332 5637 2298 3339 3048 375 2893
is_linear=0
shrinkage=0.1


Tree=44
num_leaves=15
num_cat=0
split_feature=2 4 0 3 2 3 1 3 0 3 1 4 4 4
split_gain=4.61907 8.89826 7.9376 6.17044 8.45152 11.3324 5.55597 5.30062 5.24636 5.25772 12.5234 4.73468 4.65276 4.57943
threshold=1.5000000000000002 0.64397903145806012 3.5000000000000004 9.5000000000000018 2.5000000000000004 3.5000000000000004 6.5000000000000009 1.5000000000000002 3.5000000000000004 2.5000000000000004 6.5000000000000009 0.6085584861399802 2.1043784321526293 1.9651283815849063
decision_type=2 2 2 2 2 2 2 2 2 2 2 2 2 2
left_child=1 -1 -2 4 7 6 -6 -4 12 10 -10 -5 -3 -13
right_child=2 8 3 11 5 -7 -8 -9 9 -11 -12 13 -14 -15
leaf_value=-0.018605970405826115 -0.0066482608526315717 0.0067561395296424232 0.011655122232430142 0.024849359255928835 -0.0016200510900124681 0.0050427025074822121 -0.016462731638194495 -0.0031101592450686454 -0.070486536506261382 -0.0013075761509872194 0.0030294897034764292 0.0021925791593752106 0.048785787172216391 0.0087116718983901165
leaf_weight=297 1321 444 253 104 1850 5027 292 6234 37 12191 62 6009 28 1313
leaf_count=297 1321 444 253 104 1850 5027 292 6234 37 12191 62 6009 28 1313
internal_value=3.17099e-11 -0.00149484 0.00087136 0.00134254 8.0951e-05 0.00244741 -0.00364342 -0.0025343 -0.00109662 -0.00149397 -0.0244462 0.00366253 0.00924942 0.0033616
internal_weight=35462 13059 22403 21082 13656 7169 2142 6487 12762 12290 99 7426 472 7322
internal_count=35462 13059 22403 21082 13656 7169 2142 6487 12762 12290 99 7426 472 7322
is_linear=0
shrinkage=0.1


Tree=45
num_leaves=15
num_cat=0
split_feature=1 4 4 0 3 2 4 4 4 4 1 1 2 4
split_gain=3.93225 3.51435 4.76055 4.41489 5.70295 4.3645 3.57654 5.53548 4.70253 3.39452 8.83055 3.21503 3.17155 3.10222
threshold=7.5000000000000009 1.5247367806404934 1.5468676650095887 4.5000000000000009 2.5000000000000004 2.5000000000000004 0.92429996928852021 1.1187307799181914 1.0145715730519445 0.70260605802460308 6.5000000000000009 6.5000000000000009 1.5000000000000002 0.70260605802460308
decision_type=2 2 2 2 2 2 2 2 2 2 2 2 2 2
left_child=1 3 -3 -1 5 -5 9 8 -8 11 -11 -6 -13 -2
right_child=13 2 -4 4 6 -7 7 -9 -10 10 -12 12 -14 -15
leaf_value=-0.0021803253068851947 -0.032134615264281081 0.011009356300833521 0.00071144856089228579 0.005344095323764818 0.0076295430785133459 -0.017726585300361485 0.0095676590058952574 0.0035060305350350651 0.042244124976808538 -0.025451646457876561 0.0068063010666636545 -0.029300279190970793 0.005473252058978759 -0.0063736026262966169
leaf_weight=10325 54 459 20421 123 337 246 125 2510 68 182 159 54 51 348
leaf_count=10325 54 459 20421 123 337 246 125 2510 68 182 159 54 51 348
internal_value=3.2167e-11 0.000112758 0.000937825 -0.00110215 0.00178557 -0.0100364 0.00303694 0.00476089 0.0210806 -0.00291433 -0.0104106 0.00286895 -0.0124103 -0.00983404
internal_weight=35462 35060 20880 14180 3855 369 3486 2703 193 783 341 442 105 402
internal_count=35462 35060 20880 14180 3855 369 3486 2703 193 783 341 442 105 402
is_linear=0
shrinkage=0.1


Tree=46
num_leaves=15
num_cat=0
split_feature=2 4 0 3 2 3 1 1 4 2 2 4 4 0
split_gain=3.69902 6.6607 6.37174 4.94867 6.98736 8.73413 7.93046 5.28341 7.13754 4.73085 4.60148 4.79202 4.6466 4.42432
threshold=1.5000000000000002 0.64397903145806012 3.5000000000000004 9.5000000000000018 2.5000000000000004 4.5000000000000009 6.5000000000000009 6.5000000000000009 1.9898494909081585 3.5000000000000004 2.5000000000000004 1.9565032105594007 0.6085584861399802 4.5000000000000009
decision_type=2 2 2 2 2 2 2 2 2 2 2 2 2 2
left_child=1 -1 -2 4 -4 6 -6 -7 -9 10 11 13 -12 -5
right_child=2 -3 3 9 5 7 -8 8 -10 -11 12 -13 -14 -15
leaf_value=-0.016141943866857376 -0.0059574490495424093 -0.00099317684877947674 -0.0023058334860036997 0.0014074014478473462 6.233142660661292e-06 0.0044170103298702438 -0.016156881121178419 0.014055806084910466 0.071864888382454722 0.018297356323284261 0.036672346330614704 0.011342649257455715 -0.0011009995956873309 0.0097300448589584584
leaf_weight=297 1321 12762 6487 3021 2765 3845 341 194 24 204 33 882 2476 810
leaf_count=297 1321 12762 6487 3021 2765 3845 341 194 24 204 33 882 2476 810
internal_value=5.10753e-12 -0.0013377 0.000779765 0.00120192 7.21137e-05 0.00222384 -0.00176827 0.00527566 0.0204201 0.00327957 0.00285536 0.00469707 -0.00060418 0.00316708
internal_weight=35462 13059 22403 21082 13656 7169 3106 4063 218 7426 7222 4713 2509 3831
internal_count=35462 13059 22403 21082 13656 7169 3106 4063 218 7426 7222 4713 2509 3831
is_linear=0
shrinkage=0.1


Tree=47
num_leaves=15
num_cat=0
split_feature=4 4 3 0 3 2 3 2 3 2 1 3 1 0
split_gain=3.39442 3.2839 3.11871 5.73427 3.41303 3.95113 2.98154 2.86579 7.31466 4.07138 7.27394 3.87579 3.81826 3.79588
threshold=2.122011656094192 0.3907544131188519 14.500000000000002 4.5000000000000009 25.500000000000004 3.5000000000000004 15.500000000000002 2.5000000000000004 1.5000000000000002 3.5000000000000004 5.5000000000000009 5.5000000000000009 6.5000000000000009 3.5000000000000004
decision_type=2 2 2 2 2 2 2 2 2 2 2 2 2 2
left_child=1 -1 7 4 5 -4 -5 -3 9 -9 -11 13 -13 -10
right_child=-2 2 3 6 -6 -7 -8 8 11 10 -12 12 -14 -15
leaf_value=-0.014775346918636328 0.0046521120389877565 -0.0010207178265062634 0.0016519644714375473 0.028655484451995634 -0.01862729507847689 0.028156801036976539 0.0074210564703582884 -0.0042347094630701592 -0.01096589115052273 -0.043177407404043897 -0.0026274321062697307 0.002858449137722637 0.01498236187944447 0.00026702147852558183
leaf_weight=154 1502 22077 1857 123 80 58 143 385 331 87 90 5000 274 3301
leaf_count=154 1502 22077 1857 123 80 58 143 385 331 87 90 5000 274 3301
internal_value=6.70764e-12 -0.000205756 -0.000139386 0.00344823 0.00160933 0.00245472 0.01724 -0.000396529 0.00105892 -0.0100058 -0.0225588 0.00175715 0.00348832 -0.000756683
internal_weight=35462 33960 33806 2261 1995 1915 266 31545 9468 562 177 8906 5274 3632
internal_count=35462 33960 33806 2261 1995 1915 266 31545 9468 562 177 8906 5274 3632
is_linear=0
shrinkage=0.1


Tree=48
num_leaves=15
num_cat=0
split_feature=4 1 0 0 4 4 0 0 2 4 4 3 3 4
split_gain=2.97658 3.14291 8.55754 8.21928 4.8741 5.33671 4.62905 4.06465 4.2051 6.40572 4.02951 3.75294 3.60862 3.53426
threshold=2.3341282410882811 5.5000000000000009 5.5000000000000009 6.5000000000000009 1.772504200660127 1.5824884779737773 5.5000000000000009 3.5000000000000004 1.5000000000000002 1.802644386203526 0.92429996928852021 2.5000000000000004 25.500000000000004 1.6022076123817919
decision_type=2 2 2 2 2 2 2 2 2 2 2 2 2 2
left_child=1 3 7 6 5 10 12 8 9 -3 -4 -8 -1 -7
right_child=-2 2 4 -5 -6 13 11 -9 -10 -11 -12 -13 -14 -15
leaf_value=0.00087165683412785517 0.01087307726610452 0.011015784603425827 -0.0036237222831171584 -0.063484700056724255 0.014371241500722096 -0.049889953059609984 -0.040221743788570165 -0.0028014839440341846 -0.00091214193671476098 0.066772191116103427 0.010973437569317427 -0.0073106989200999173 -0.02432076882636338 -0.0064273412165970645
leaf_weight=23016 250 87 284 20 439 20 40 9947 160 27 566 259 57 290
leaf_count=23016 250 87 284 20 439 20 40 9947 160 27 566 259 57 290
internal_value=-3.17292e-11 -7.71973e-05 -0.00140626 0.00059438 0.00539655 0.00200009 0.000649214 -0.00247051 0.00954482 0.0242212 0.00609627 -0.0117135 0.000809421 -0.00923138
internal_weight=35462 35212 11820 23392 1599 1160 23372 10221 274 114 850 299 23073 310
internal_count=35462 35212 11820 23392 1599 1160 23372 10221 274 114 850 299 23073 310
is_linear=0
shrinkage=0.1


Tree=49
num_leaves=15
num_cat=0
split_feature=1 3 0 2 4 2 4 4 4 4 4 4 4 2
split_gain=2.78899 2.57169 4.62454 3.40346 2.91912 2.91133 3.58553 2.84229 5.2447 4.29534 3.37954 3.35142 6.5736 2.80161
threshold=7.5000000000000009 14.500000000000002 4.5000000000000009 3.5000000000000004 2.2684468746594777 2.5000000000000004 2.218371559643098 1.9844418681483478 2.0153422310300546 2.097024078987817 1.8381344232760306 1.8692537341230782 1.9198662105241049 1.5000000000000002
decision_type=2 2 2 2 2 2 2 2 2 2 2 2 2 2
left_child=1 4 3 5 -1 6 7 10 -9 -10 -3 -12 -13 -14
right_child=-2 2 -4 -5 -6 -7 -8 8 9 -11 11 12 13 -15
leaf_value=-0.00023858312100757853 -0.008281987649562365 0.0048902489103003557 0.015394935864239526 0.023184315752710256 0.0085206864011933576 -0.0047226853252149807 -0.029613416513893754 0.036627071831783618 -0.025703776748599236 0.015420314744344833 -0.030112840505898932 0.038745040283538403 -0.028279044184212884 0.0026797201408771797
leaf_weight=32309 402 958 278 71 385 631 32 73 37 81 56 32 57 60
leaf_count=32309 402 958 278 71 385 631 32 73 37 81 56 32 57 60
internal_value=-4.6308e-11 9.49617e-05 0.00327865 0.00166546 -0.000135435 0.00090798 0.00347144 0.00425335 0.0155591 0.00252547 0.00239661 -0.00925659 -0.00141799 -0.0124028
internal_weight=35462 35060 2366 2088 32694 2017 1386 1354 191 118 1163 205 149 117
internal_count=35462 35060 2366 2088 32694 2017 1386 1354 191 118 1163 205 149 117
is_linear=0
shrinkage=0.1


Tree=50
num_leaves=15
num_cat=0
split_feature=4 4 4 4 4 4 4 4 1 3 1 0 3 4
split_gain=2.69783 11.8669 4.69809 12.2341 3.21565 5.04076 3.16338 24.7761 6.2229 3.106 2.90474 2.49876 6.12468 4.05111
threshold=1.5948466358941717 1.6022076123817919 1.6446687287615307 1.6471165539679047 1.5824884779737773 1.5818302587175557 1.5801805612141326 1.5761530440151152 5.5000000000000009 3.5000000000000004 5.5000000000000009 4.5000000000000009 3.5000000000000004 0.87847274123125296
decision_type=2 2 2 2 2 2 2 2 2 2 2 2 2 2
left_child=4 9 -3 -4 5 6 7 11 -9 -2 -8 -1 13 -13
right_child=1 2 3 -5 -6 -7 10 8 -10 -11 -12 12 -14 -15
leaf_value=-0.0016959218037788113 -0.0046455481631118203 -0.0069500086601331501 0.059069010532564595 0.00071458247250757263 -0.0086873404734608868 0.026897047706668009 -0.01947446618501808 0.078332548710156463 0.012140155704692006 0.024329133889690605 0.015061535009841337 -0.024647525108108918 0.0026061551972504054 -0.004155291162518315
leaf_weight=11299 43 811 36 17763 518 66 152 49 20 265 29 120 3799 492
leaf_count=11299 43 811 36 17763 518 66 152 49 20 265 29 120 3799 492
internal_value=2.91207e-11 0.000815658 0.000493453 0.000832609 -0.000932702 -0.000682053 -0.000796101 -0.000645316 0.0591463 0.020284 -0.0139411 -0.000907928 0.00111056 -0.00817338
internal_weight=35462 18918 18610 17799 16544 16026 15960 15779 69 308 181 15710 4411 612
internal_count=35462 18918 18610 17799 16544 16026 15960 15779 69 308 181 15710 4411 612
is_linear=0
shrinkage=0.1


Tree=51
num_leaves=15
num_cat=0
split_feature=2 4 0 0 3 1 4 4 4 3 4 4 4 3
split_gain=2.65537 4.92299 4.67367 3.65625 3.92572 10.0251 3.51784 3.49103 6.28737 3.14869 3.47592 3.91665 4.59749 6.77347
threshold=1.5000000000000002 0.64397903145806012 3.5000000000000004 3.5000000000000004 2.5000000000000004 6.5000000000000009 2.1365151686618975 1.7962968342019978 1.802644386203526 7.5000000000000009 0.3907544131188519 0.64397903145806012 0.77889583902744974 5.5000000000000009
decision_type=2 2 2 2 2 2 2 2 2 2 2 2 2 2
left_child=1 -1 -2 6 5 -5 -3 9 -9 10 -4 -12 13 -13
right_child=2 3 7 4 -6 -7 -8 8 -10 -11 11 12 -14 -15
leaf_value=-0.013860811530737841 -0.0051093928732507165 0.0058909679810102622 -0.026880365181362855 -0.06219463720917702 -0.0010078424527342285 0.0035810734595983261 0.046844492293894292 0.051097113066525368 0.0027410851007991532 0.001576956298565541 0.011774959289510036 -0.042108079689596574 -0.0012578608655989861 0.0059913710399996491
leaf_weight=297 1321 450 53 37 12191 62 22 27 6515 7540 226 67 6602 52
leaf_count=297 1321 450 53 37 12191 62 22 27 6515 7540 226 67 6602 52
internal_value=-2.85123e-11 -0.00113339 0.000660667 -0.000837194 -0.0011689 -0.0210018 0.00779982 0.00102222 0.00294066 0.000159054 -0.00136823 -0.00117359 -0.001609 -0.0210898
internal_weight=35462 13059 22403 12762 12290 99 472 21082 6542 14540 7000 6947 6721 119
internal_count=35462 13059 22403 12762 12290 99 472 21082 6542 14540 7000 6947 6721 119
is_linear=0
shrinkage=0.1


Tree=52
num_leaves=15
num_cat=0
split_feature=4 3 0 2 2 3 4 4 2 4 4 4 4 4
split_gain=2.25594 2.1359 3.71517 2.73777 2.63557 6.19301 3.4646 11.746 4.16941 3.67612 3.13364 5.24122 4.2467 3.69193
threshold=1.0000000180025095e-35 14.500000000000002 4.5000000000000009 3.5000000000000004 2.5000000000000004 1.5000000000000002 2.0030774947854542 1.9974481022522739 3.5000000000000004 2.0153422310300546 1.7886522798879532 1.7546545407562115 1.7525203574597743 1.8381344232760306
decision_type=2 2 2 2 2 2 2 2 2 2 2 2 2 2
left_child=-1 4 3 -3 -2 -6 7 8 10 -8 11 12 -7 -12
right_child=1 2 -4 -5 5 6 9 -9 -10 -11 13 -13 -14 -15
leaf_value=-0.018332238499519985 -0.00075816142706075539 0.00082040505875493339 0.013865323116410186 0.020799937068392907 -0.0088360704205817844 0.00038054081745816432 0.021102833405500218 -0.025730151992320316 0.0096882785630349796 0.0046973493431630656 0.014442924295707777 -0.011214672817400646 0.024033117301171712 0.0024990073808736847
leaf_weight=67 23114 2016 275 71 580 5359 159 160 595 969 323 395 77 1302
leaf_count=67 23114 2016 275 71 580 5359 159 160 595 969 323 395 77 1302
internal_value=1.62291e-12 3.47015e-05 0.00293975 0.00150011 -0.000173022 0.00119051 0.00181322 0.00109932 0.00163251 0.00700982 0.000989652 -9.2596e-05 0.000715575 0.00487309
internal_weight=35462 35395 2362 2087 33033 9919 9339 8211 8051 1128 7456 5831 5436 1625
internal_count=35462 35395 2362 2087 33033 9919 9339 8211 8051 1128 7456 5831 5436 1625
is_linear=0
shrinkage=0.1


Tree=53
num_leaves=15
num_cat=0
split_feature=1 0 0 3 4 1 4 4 0 2 4 4 2 3
split_gain=2.12392 6.97259 6.4979 8.3363 4.11596 3.77329 3.38873 4.51058 3.38717 3.37145 5.39931 3.39756 3.34222 6.05818
threshold=5.5000000000000009 5.5000000000000009 5.5000000000000009 2.5000000000000004 2.1051679393975067 6.5000000000000009 1.1187307799181914 1.234824441073137 3.5000000000000004 1.5000000000000002 1.7529599715704698 1.5373190604445068 3.5000000000000004 2.5000000000000004
decision_type=2 2 2 2 2 2 2 2 2 2 2 2 2 2
left_child=2 8 6 -4 12 -6 -1 -8 9 10 11 -2 13 -3
right_child=1 4 3 -5 5 -7 7 -9 -10 -11 -12 -13 -14 -15
leaf_value=0.020111165645422365 0.0194011604932488 -0.016268538356464551 -0.049031659432432873 -0.0062500209181200507 0.013514044046126031 0.062645392729477445 -0.0052108368110014196 0.0010004595495712355 -0.0023515754120716887 -0.0005059039792890505 0.054676624791962759 -0.028093632617965342 0.020693325492638082 0.0048502893031672515
leaf_weight=90 61 152 55 265 54 22 1235 21925 10000 161 35 20 110 1277
leaf_count=90 61 152 55 265 54 22 1235 21925 10000 161 35 20 110 1277
internal_value=1.00168e-12 -0.00108953 0.000549712 -0.0136031 0.00501871 0.0277363 0.000744503 0.000669244 -0.00204942 0.00885859 0.0218559 0.00767405 0.00389686 0.00260392
internal_weight=35462 11892 23570 320 1615 76 23250 23160 10277 277 116 81 1539 1429
internal_count=35462 11892 23570 320 1615 76 23250 23160 10277 277 116 81 1539 1429
is_linear=0
shrinkage=0.1


Tree=54
num_leaves=15
num_cat=0
split_feature=1 4 4 4 0 1 3 2 4 4 3 4 4 2
split_gain=1.97846 2.01801 2.276 1.81104 1.94839 6.34843 6.33087 5.85512 4.96211 8.11282 6.05753 3.8575 12.4016 7.79336
threshold=7.5000000000000009 0.70260605802460308 0.8378938783822194 2.3341282410882811 4.5000000000000009 5.5000000000000009 2.5000000000000004 2.5000000000000004 2.1639112665915126 2.1365151686618975 9.5000000000000018 1.9264256858355953 1.8719175136546948 2.5000000000000004
decision_type=2 2 2 2 2 2 2 2 2 2 2 2 2 2
left_child=3 -2 -3 4 5 -1 7 -6 9 11 -11 12 -7 -14
right_child=1 2 -4 -5 6 8 -8 -9 -10 10 -12 -13 13 -15
leaf_value=0.00045987292276490242 -0.024961795224980626 0.021676493532234622 -0.0067135154175989283 0.008560853253782261 0.0051209151883453777 -0.0032486905471397244 0.0021417297984511557 -0.013277683778562969 -0.027947510158701335 -0.0034655448993934053 0.051240103769426552 -0.0095480243696751278 0.033247439076951303 -0.014578654696445235
leaf_weight=19772 54 31 317 250 257 5011 8032 529 80 35 48 851 151 44
leaf_count=19772 54 31 317 250 257 5011 8032 529 80 35 48 851 151 44
internal_value=1.2928e-11 -0.0069755 -0.00418452 7.99815e-05 1.90732e-05 -0.00041669 0.00130353 -0.00726186 -0.00320309 -0.00288069 0.0281715 -0.0033062 -0.00228588 0.0224559
internal_weight=35462 402 348 35060 34810 25992 8818 786 6220 6140 83 6057 5206 195
internal_count=35462 402 348 35060 34810 25992 8818 786 6220 6140 83 6057 5206 195
is_linear=0
shrinkage=0.1


Tree=55
num_leaves=15
num_cat=0
split_feature=2 0 4 3 1 4 4 3 2 3 3 4 3 4
split_gain=1.84243 3.93782 3.66138 2.59363 6.29219 3.22152 4.95268 2.55972 4.95581 4.65661 4.51886 3.97857 4.93712 7.34331
threshold=1.5000000000000002 3.5000000000000004 0.64397903145806012 2.5000000000000004 6.5000000000000009 1.1187307799181914 1.1324149904445073 9.5000000000000018 2.5000000000000004 5.5000000000000009 1.5000000000000002 2.0030774947854542 5.5000000000000009 2.1639112665915126
decision_type=2 2 2 2 2 2 2 2 2 2 2 2 2 2
left_child=2 -2 -1 4 -4 -5 -7 8 10 -10 -3 -12 -13 -14
right_child=1 7 3 5 -6 6 -8 -9 9 -11 11 12 13 -15
leaf_value=-0.011920203144430036 -0.0047460626786069576 0.011168328598288917 -0.04630132458571877 0.0053978691259170906 0.0038286167917953385 -0.028729455998836785 -0.00083549375179592334 0.0023764475153365103 -0.0003573728730219927 0.0047826551327624566 -0.0015496866315247272 -0.020668318563353594 -0.0097061532965284497 0.021306747768297406
leaf_weight=297 1321 253 42 847 62 64 11747 7426 4046 3123 5511 254 373 96
leaf_count=297 1321 253 42 847 62 64 11747 7426 4046 3123 5511 254 373 96
internal_value=-3.59853e-11 0.00055032 -0.000944086 -0.000688647 -0.0164162 -0.000559428 -0.000986642 0.000882192 6.96298e-05 0.00188175 -0.00193301 -0.00246471 -0.00943942 -0.0033581
internal_weight=35462 22403 13059 12762 104 12658 11811 21082 13656 7169 6487 6234 723 469
internal_count=35462 22403 13059 12762 104 12658 11811 21082 13656 7169 6487 6234 723 469
is_linear=0
shrinkage=0.1


Tree=56
num_leaves=15
num_cat=0
split_feature=3 3 0 2 3 4 4 4 3 0 4 2 2 4
split_gain=1.76334 2.29577 2.45056 2.7269 2.63301 2.10962 3.41923 3.08902 2.55908 2.55779 5.40494 5.93455 2.74785 2.51414
threshold=25.500000000000004 14.500000000000002 4.5000000000000009 3.5000000000000004 15.500000000000002 1.4797265753864857 1.4955410179552462 1.489045832165625 7.5000000000000009 6.5000000000000009 1.6976607678326945 1.5000000000000002 2.5000000000000004 1.8604410769862569
decision_type=2 2 2 2 2 2 2 2 2 2 2 2 2 2
left_child=1 5 3 -3 -4 -1 7 -7 -9 -8 12 -12 -11 -13
right_child=-2 2 4 -5 -6 6 9 8 -10 10 11 13 -14 -15
leaf_value=-0.0012646943148309476 -0.014385923412902391 0.0012280503441219814 0.02259024056857304 0.022700692088816501 0.0030404831178633398 0.0035026961483394185 0.00033419003453272759 0.042334558286292609 0.012338076068443202 -0.066253629326820371 -0.035815021446482707 0.031422049117585026 -0.018643250840681573 -0.0043285236341526383
leaf_weight=11587 85 1942 126 61 152 263 20958 43 84 22 33 42 27 37
leaf_count=11587 85 1942 126 61 152 263 20958 43 84 22 33 42 27 37
internal_value=-3.37015e-11 3.45649e-05 0.00310309 0.00188199 0.0119012 -0.00017692 0.000409069 0.00968716 0.0224944 0.000237733 -0.0123185 -0.000199331 -0.0400193 0.0146781
internal_weight=35462 35377 2281 2003 278 33096 21509 390 127 21119 161 112 49 79
internal_count=35462 35377 2281 2003 278 33096 21509 390 127 21119 161 112 49 79
is_linear=0
shrinkage=0.1


Tree=57
num_leaves=15
num_cat=0
split_feature=4 4 0 3 1 4 2 2 3 0 3 4 4 4
split_gain=1.60339 3.74251 2.62425 3.70481 2.83055 4.29722 5.16576 2.70873 2.5563 4.19806 3.14714 2.83149 15.0797 2.54102
threshold=1.8657218384718588 1.8970867634865252 4.5000000000000009 3.5000000000000004 6.5000000000000009 1.8719175136546948 2.5000000000000004 1.5000000000000002 5.5000000000000009 4.5000000000000009 2.5000000000000004 1.9461001228791643 1.9496483931520718 2.1158673496986755
decision_type=2 2 2 2 2 2 2 2 2 2 2 2 2 2
left_child=-1 2 3 -2 5 6 -4 -5 9 -3 -11 -10 -13 -12
right_child=1 8 4 7 -6 -7 -8 -9 11 10 13 12 -14 -15
leaf_value=-0.00038919704208994051 0.035486944152840545 -0.0060902508030475436 -0.042093374452420645 0.016742174574858184 -0.028734897986492692 0.018340749124553146 0.014456146912028393 0.0023929087948046587 -0.0030885979331314543 -0.0057878197084780146 0.016698611025234948 0.07429310119357603 0.0019867866909637016 -0.0080858216967945006
leaf_weight=26563 56 1188 35 228 34 83 30 311 1151 157 219 29 5327 51
leaf_count=26563 56 1188 35 228 34 83 30 311 1151 157 219 29 5327 51
internal_value=-2.67383e-12 0.00116173 0.00779201 0.0110062 -0.00271587 0.00326148 -0.0159936 0.00846273 0.000527438 -0.00303361 0.00547056 0.00141127 0.00237829 0.0120171
internal_weight=35462 8899 777 595 182 148 65 539 8122 1615 427 6507 5356 270
internal_count=35462 8899 777 595 182 148 65 539 8122 1615 427 6507 5356 270
is_linear=0
shrinkage=0.1


Tree=58
num_leaves=15
num_cat=0
split_feature=4 4 0 2 3 4 4 1 1 4 0 3 4 4
split_gain=1.56745 1.48098 1.91775 1.78078 7.9921 5.46064 3.80483 3.41761 2.94672 7.10541 2.78471 2.26926 1.79259 3.14409
threshold=1.0000000180025095e-35 2.1082748486418397 3.5000000000000004 2.5000000000000004 7.5000000000000009 2.2684468746594777 2.1158673496986755 6.5000000000000009 6.5000000000000009 2.218371559643098 4.5000000000000009 7.5000000000000009 2.1158673496986755 2.153232141936765
decision_type=2 2 2 2 2 2 2 2 2 2 2 2 2 2
left_child=-1 -2 -3 4 5 12 10 11 -8 -10 -6 -5 -4 -14
right_child=1 2 3 7 6 -7 8 -9 9 -11 -12 -13 13 -15
leaf_value=-0.015280882891879153 -0.0001243187035465673 0.015957935496519967 -0.048328787177801133 0.010801100187356874 0.036833883828499857 0.011062751961871982 0.0038342119212645821 0.043788544895748301 -0.044703498080052667 0.021689149733908751 -0.0043885416533474041 -0.0030245703902206759 -0.0037513083140429566 -0.03066856210581332
leaf_weight=67 33514 104 25 290 57 60 850 24 40 27 23 201 73 107
leaf_count=67 33514 104 25 290 57 60 850 24 40 27 23 201 73 107
internal_value=1.54962e-11 2.89255e-05 0.0027593 0.00198684 -3.54152e-05 -0.0154711 0.00406734 0.00694234 0.00224269 -0.0179483 0.0249824 0.0051413 -0.0232371 -0.0197521
internal_weight=35462 35395 1881 1777 1262 265 997 515 917 67 80 491 205 180
internal_count=35462 35395 1881 1777 1262 265 997 515 917 67 80 491 205 180
is_linear=0
shrinkage=0.1


Tree=59
num_leaves=15
num_cat=0
split_feature=2 0 0 3 0 4 4 4 1 4 4 4 4 4
split_gain=1.5451 3.25891 3.09353 3.37066 5.92407 2.9993 2.81726 3.86976 2.55568 4.27945 2.94763 6.18966 3.84996 2.20644
threshold=1.5000000000000002 3.5000000000000004 3.5000000000000004 1.5000000000000002 5.5000000000000009 0.64397903145806012 1.1187307799181914 1.1324149904445073 5.5000000000000009 1.802644386203526 2.1043784321526293 1.9710783896544259 1.9974481022522739 1.7962968342019978
decision_type=2 2 2 2 2 2 2 2 2 2 2 2 2 2
left_child=2 -2 8 4 -4 -5 -7 -8 10 -10 11 -1 -13 -3
right_child=1 13 3 5 -6 6 7 -9 9 -11 -12 12 -14 -15
leaf_value=0.0063511239746552933 -0.0043142669881035892 0.00011965451408963558 -0.0027425349648627969 -0.011095425613417195 -0.066060940684242689 0.0048009769224093305 -0.025737205977202395 -0.0010781956550487456 0.0088678849293668382 0.053225101710393512 0.038357097316871994 -0.06292969140816819 -0.0078542657693227141 0.0023310389663785199
leaf_weight=286 1321 14540 45 290 22 835 64 11327 87 29 22 22 30 6542
leaf_count=286 1321 14540 45 290 22 835 64 11327 87 29 22 22 30 6542
internal_value=3.89238e-11 0.000503963 -0.00086456 -0.00116391 -0.0235337 -0.00104416 -0.000805749 -0.00121674 0.0070488 0.0199572 0.00288943 0.000580888 -0.0311554 0.000805874
internal_weight=35462 22403 13059 12583 67 12516 12226 11391 476 116 360 338 52 21082
internal_count=35462 22403 13059 12583 67 12516 12226 11391 476 116 360 338 52 21082
is_linear=0
shrinkage=0.1


Tree=60
num_leaves=15
num_cat=0
split_feature=3 3 0 4 3 4 3 4 3 4 2 2 3 3
split_gain=1.41186 1.8386 2.01261 2.36841 2.14997 2.07318 2.24936 1.82635 2.4209 1.55821 1.51519 1.4916 3.89119 3.3247
threshold=25.500000000000004 14.500000000000002 4.5000000000000009 1.444681844496029 15.500000000000002 1.2721210631747382 15.500000000000002 1.2179196422550749 18.500000000000004 1.9651283815849063 1.5000000000000002 2.5000000000000004 1.5000000000000002 10.500000000000002
decision_type=2 2 2 2 2 2 2 2 2 2 2 2 2 2
left_child=1 11 3 5 9 6 -3 8 -8 10 -4 13 -13 -1
right_child=-2 2 4 -5 -6 -7 7 -9 -10 -11 -12 12 -14 -15
leaf_value=-0.00030814398831415174 -0.012872585243381121 0.015769011648150071 0.029770910367369653 -0.00046913308460943257 0.0027434646755481436 0.012176873481592665 -0.018231041692761761 -0.018212829840254702 0.016029301240024243 0.046010709380498158 0.0055068055884123987 -0.0070664368849087666 0.0013609941887559218 -0.0055515504739196333
leaf_weight=21886 85 63 44 1444 152 335 33 73 55 20 62 582 9348 1280
leaf_count=21886 85 63 44 1444 152 335 33 73 55 20 62 582 9348 1280
internal_value=-1.86155e-11 3.09288e-05 0.00277698 0.00167036 0.0107502 0.00719705 -0.000250454 -0.00651894 0.00318167 0.0204092 0.0155787 -0.000158331 0.00086706 -0.00059786
internal_weight=35462 35377 2281 2003 278 559 224 161 88 126 106 33096 9930 23166
internal_count=35462 35377 2281 2003 278 559 224 161 88 126 106 33096 9930 23166
is_linear=0
shrinkage=0.1


Tree=61
num_leaves=15
num_cat=0
split_feature=1 4 0 1 3 2 0 4 4 4 4 4 4 4
split_gain=1.30699 1.49393 1.24251 4.63506 3.97135 4.98955 3.32313 3.20696 7.63586 3.87539 5.87221 3.65212 6.70867 3.55489
threshold=7.5000000000000009 0.44361671261748026 4.5000000000000009 5.5000000000000009 2.5000000000000004 2.5000000000000004 3.5000000000000004 1.1187307799181914 1.3637732532871041 1.7443973720770005 1.7529599715704698 2.007295563681804 2.0045285488804994 1.3460352156330022
decision_type=2 2 2 2 2 2 2 2 2 2 2 2 2 2
left_child=2 -2 3 -1 5 -4 -5 -8 13 -10 -11 12 -12 -9
right_child=1 -3 4 6 -6 -7 7 8 9 10 11 -13 -14 -15
leaf_value=0.00046381530085793797 -0.031635540927804649 -0.0042383291761957974 0.0057154143528031142 0.0080512435881325145 0.0017489399051283988 -0.01120378602860499 0.0013794128865274925 -0.010955017724779872 0.00054722562425598255 -0.041856306367977103 -0.0066198710968864167 0.0023929168867781953 -0.057916972929468527 -0.033513481444497777
leaf_weight=19925 21 381 259 277 8088 533 1238 753 2027 44 1312 501 26 77
leaf_count=19925 21 381 259 277 8088 533 1238 753 2027 44 1312 501 26 77
internal_value=-9.43526e-12 -0.00566953 6.50071e-05 -0.000281702 0.00108717 -0.00567087 -0.00265651 -0.00315267 -0.00433637 -0.00248714 -0.00575355 -0.00488976 -0.00761668 -0.0130478
internal_weight=35462 402 35060 26180 8880 792 6255 5978 4740 3910 1883 1839 1338 830
internal_count=35462 402 35060 26180 8880 792 6255 5978 4740 3910 1883 1839 1338 830
is_linear=0
shrinkage=0.1


Tree=62
num_leaves=15
num_cat=0
split_feature=2 0 4 0 0 3 0 4 4 3 4 3 3 4
split_gain=1.20096 2.80982 2.36514 2.71723 2.05067 2.27462 5.25301 1.92808 3.93946 2.51677 1.9214 1.90585 6.60585 1.86214
threshold=1.5000000000000002 3.5000000000000004 0.55885072589252915 5.5000000000000009 3.5000000000000004 1.5000000000000002 5.5000000000000009 2.0641363113186242 1.9672607374070148 17.500000000000004 2.0045285488804994 21.500000000000004 19.500000000000004 2.3341282410882811
decision_type=2 2 2 2 2 2 2 2 2 2 2 2 2 2
left_child=2 -2 3 -1 7 6 -6 8 9 -4 -10 12 -3 -7
right_child=1 11 4 -5 5 13 -8 -9 10 -11 -12 -13 -14 -15
leaf_value=-0.015660380114862635 -0.0040296352001624068 0.00063711407201576253 0.0056959189952997327 0.018899533962114499 0.0010931148504217468 -0.00084240134564052141 -0.059226419952359388 0.029567342693917455 -0.033782231264017727 0.037924542933559194 0.003023867373881133 -0.0085129689138669241 0.017902830197376065 0.014097697385365055
leaf_weight=182 1321 20637 356 26 42 12229 22 32 37 26 23 221 224 84
leaf_count=182 1321 20637 356 26 42 12229 22 32 37 26 23 221 224 84
internal_value=-4.82752e-11 0.000444308 -0.000762221 -0.0113404 -0.000591008 -0.000838215 -0.0196417 0.00586402 0.00414794 0.00788949 -0.0196732 0.000724646 0.000822509 -0.000740479
internal_weight=35462 22403 13059 208 12851 12377 64 474 442 382 60 21082 20861 12313
internal_count=35462 22403 13059 208 12851 12377 64 474 442 382 60 21082 20861 12313
is_linear=0
shrinkage=0.1


Tree=63
num_leaves=15
num_cat=0
split_feature=2 3 1 4 1 1 0 0 4 4 4 3 4 4
split_gain=1.07736 8.90405 4.86493 2.94226 2.70706 1.92076 1.70988 1.68538 1.7446 1.62478 1.42129 2.90032 1.45377 1.33934
threshold=3.5000000000000004 1.5000000000000002 5.5000000000000009 0.72430402736901034 6.5000000000000009 7.5000000000000009 5.5000000000000009 5.5000000000000009 0.64397903145806012 1.5976077113885891 1.9819850549695606 2.5000000000000004 1.9343934090643871 1.5824884779737773
decision_type=2 2 2 2 2 2 2 2 2 2 2 2 2 2
left_child=5 2 -2 -3 10 -1 -4 8 -7 -6 12 -12 -5 -9
right_child=1 3 6 4 9 7 -8 13 -10 -11 11 -13 -14 -15
leaf_value=-1.2576711427364146e-05 -0.033137629347491183 0.039215456957704037 -0.01213133964986312 0.0058343346817729957 0.0092994569598332712 -0.025773811474552051 0.01545578187856919 -0.011371861599587106 -0.0018477021391047354 0.045170099700668029 -0.036702873363443043 0.0027940679812016563 0.025827630972250916 -0.042990962699765253
leaf_weight=34116 90 29 53 539 23 34 39 37 294 28 23 97 39 21
leaf_count=34116 90 29 53 539 23 34 39 37 294 28 23 97 39 21
internal_value=-3.63697e-11 0.00330434 -0.0166075 0.00796239 0.00675233 -9.19416e-05 -0.000436799 -0.00710648 -0.00432785 0.0289931 0.00512728 -0.00477618 0.00718336 -0.0228202
internal_weight=35462 960 182 778 749 34502 92 386 328 51 698 120 578 58
internal_count=35462 960 182 778 749 34502 92 386 328 51 698 120 578 58
is_linear=0
shrinkage=0.1


Tree=64
num_leaves=15
num_cat=0
split_feature=3 1 3 2 2 3 4 4 3 4 4 4 4 4
split_gain=1.04058 1.34387 1.28962 1.76593 2.5094 2.93489 4.37799 2.25892 3.12556 3.13133 1.9364 1.87255 1.70988 1.69423
threshold=25.500000000000004 5.5000000000000009 14.500000000000002 3.5000000000000004 2.5000000000000004 18.500000000000004 1.4138373719778665 2.218371559643098 16.500000000000004 1.2945722537308293 1.2648725521288042 1.5247367806404934 1.222386847226365 1.3178840540912284
decision_type=2 2 2 2 2 2 2 2 2 2 2 2 2 2
left_child=2 -2 -1 4 7 10 -7 8 13 12 -6 -8 -10 -4
right_child=1 -3 3 -5 5 6 11 -9 9 -11 -12 -13 -14 -15
leaf_value=-0.00013195351597230807 -0.01916755717092504 0.0084281828375533229 0.020238981455360294 0.019111916329711678 -0.029335917524209748 0.030666999206087498 -0.025331492251555981 -0.021159835670675552 -0.0042365799370948989 0.0029959914117396987 -0.0063728389798515389 0.0024575460359227618 -0.027965352556650315 0.0072545722818687323
leaf_weight=33096 60 25 122 61 41 53 29 35 73 745 352 148 52 570
leaf_count=33096 60 25 122 61 41 53 29 35 73 745 352 148 52 570
internal_value=-9.81733e-12 -0.0110512 2.65525e-05 0.00232638 0.00186516 -0.00351775 0.00545415 0.00396507 0.00452805 0.000538557 -0.00876848 -0.00209546 -0.0141077 0.00954373
internal_weight=35462 85 35377 2281 2220 623 230 1597 1562 870 393 177 125 692
internal_count=35462 85 35377 2281 2220 623 230 1597 1562 870 393 177 125 692
is_linear=0
shrinkage=0.1


Tree=65
num_leaves=15
num_cat=0
split_feature=4 3 0 4 2 1 4 3 3 2 4 2 4 4
split_gain=1.02482 2.48154 2.18241 3.3802 2.79015 2.86079 2.28515 3.11024 2.47019 5.46678 3.98188 1.65446 2.53314 2.2701
threshold=2.122011656094192 16.500000000000004 4.5000000000000009 2.218371559643098 2.5000000000000004 5.5000000000000009 2.1496712804322624 14.500000000000002 5.5000000000000009 2.5000000000000004 2.2684468746594777 1.5000000000000002 2.153232141936765 2.3341282410882811
decision_type=2 2 2 2 2 2 2 2 2 2 2 2 2 2
left_child=-1 2 6 4 -4 -6 -2 8 9 10 -8 13 -13 -10
right_child=1 -3 3 -5 5 -7 7 -9 11 -11 -12 12 -14 -15
leaf_value=-0.00011305597440387091 0.014336038690212875 0.022657876419124465 -0.027663544043898581 0.0049009462258719069 -0.020281575466024465 0.025878978684544564 -0.041485206991956951 -0.031037932541221381 -0.0027411296645788335 0.0056563196546766305 0.010375358266755938 -0.010449892386364248 0.013301703213971665 0.018498230454667162
leaf_weight=33960 171 59 90 141 29 25 57 28 312 129 20 52 329 60
leaf_count=33960 171 59 90 141 29 25 57 28 312 129 20 52 329 60
internal_value=1.36153e-11 0.00255618 0.00173428 -0.00610483 -0.0168813 0.00108905 0.0036636 0.00181457 0.00277377 -0.00692954 -0.0280149 0.00542832 0.01006 0.000684574
internal_weight=35462 1502 1443 285 144 54 1158 987 959 206 77 753 381 372
internal_count=35462 1502 1443 285 144 54 1158 987 959 206 77 753 381 372
is_linear=0
shrinkage=0.1


Tree=66
num_leaves=15
num_cat=0
split_feature=4 1 2 3 4 3 2 2 0 2 3 4 3 1
split_gain=1.01178 1.45617 0.895256 2.36084 5.3329 4.29643 4.78467 3.66267 3.28259 3.49771 3.78567 3.19647 3.02592 3.23723
threshold=1.0000000180025095e-35 6.5000000000000009 1.5000000000000002 9.5000000000000018 0.6085584861399802 10.500000000000002 2.5000000000000004 3.5000000000000004 3.5000000000000004 2.5000000000000004 1.5000000000000002 0.67266044482155862 5.5000000000000009 6.5000000000000009
decision_type=2 2 2 2 2 2 2 2 2 2 2 2 2 2
left_child=1 -1 -2 8 -5 6 11 -7 -4 10 -10 -6 -11 -14
right_child=2 -3 3 4 5 7 -8 -9 9 12 -12 -13 13 -15
leaf_value=-0.026373520546725822 -0.00063545337573224904 0.0031409188290126623 -0.0067585740497103268 0.025091340246888784 -0.033734211472328753 -0.0013902640567419651 -0.0015840709613035573 0.015368896001191052 0.010327581567634341 -0.00028685612695017454 -0.002175179550844954 0.0063888622505113742 0.0031254542602125314 0.017995460675545524
leaf_weight=35 13035 32 759 97 20 3831 1146 135 252 4037 6212 2749 2968 154
leaf_count=35 13035 32 759 97 20 3831 1146 135 252 4037 6212 2749 2968 154
internal_value=5.79302e-11 -0.0122771 2.32396e-05 0.000407232 0.00178685 0.00150002 0.00385005 -0.000819793 -0.000358073 -1.47206e-06 -0.00168776 0.00609906 0.00152111 0.00385895
internal_weight=35462 67 35395 22360 7978 7881 3915 3966 14382 13623 6464 2769 7159 3122
internal_count=35462 67 35395 22360 7978 7881 3915 3966 14382 13623 6464 2769 7159 3122
is_linear=0
shrinkage=0.1


Tree=67
num_leaves=15
num_cat=0
split_feature=4 4 4 4 4 4 4 2 3 0 1 0 3 2
split_gain=0.99123 5.24488 2.32814 6.99552 4.50989 7.3098 7.28211 3.71959 4.64139 2.72818 1.62596 2.25955 1.72333 1.62217
threshold=1.234824441073137 1.2179196422550749 1.1668185953153702 1.1656012481144915 0.96830805415560151 1.1187307799181914 1.1324149904445073 3.5000000000000004 3.5000000000000004 4.5000000000000009 6.5000000000000009 4.5000000000000009 6.5000000000000009 1.5000000000000002
decision_type=2 2 2 2 2 2 2 2 2 2 2 2 2 2
left_child=1 2 3 4 7 13 10 8 -1 -9 11 12 -7 -6
right_child=-2 -3 -4 -5 5 6 -8 9 -10 -11 -12 -13 -14 -15
leaf_value=-0.016080462857909192 0.00019880281443295409 -0.0083442822073745374 0.0077184411669444872 -0.017098209567521287 0.0091076986982643257 -0.00053256765370153719 0.01703141885589949 0.052347629368305205 -0.00064583713882925085 0.0087697830872938923 -0.039324348494410521 0.0069281079447018395 -0.026461983104811959 0.021878390605153484
leaf_weight=217 31069 873 379 237 173 36 106 20 1907 51 25 46 89 234
leaf_count=217 31069 873 379 237 173 36 106 20 1907 51 25 46 89 234
internal_value=1.31583e-11 -0.00140601 0.00031476 -0.000578585 0.000769608 0.00770353 -0.00408402 -0.0014701 -0.00222273 0.0210452 -0.0155036 -0.012021 -0.0189943 0.0164501
internal_weight=35462 4393 3520 3141 2904 709 302 2195 2124 71 196 171 125 407
internal_count=35462 4393 3520 3141 2904 709 302 2195 2124 71 196 171 125 407
is_linear=0
shrinkage=0.1


Tree=68
num_leaves=15
num_cat=0
split_feature=1 0 3 0 4 4 4 3 3 4 4 0 2 0
split_gain=0.95151 4.97722 4.99791 4.86508 3.26787 4.53738 3.05983 2.36004 4.71126 5.22876 10.3248 5.65993 4.00673 4.03313
threshold=5.5000000000000009 5.5000000000000009 2.5000000000000004 5.5000000000000009 1.772504200660127 1.7361823432521746 1.7677868892971611 9.5000000000000018 7.5000000000000009 1.9819850549695606 1.8657218384718588 4.5000000000000009 1.5000000000000002 3.5000000000000004
decision_type=2 2 2 2 2 2 2 2 2 2 2 2 2 2
left_child=1 -1 -3 7 5 -5 -4 8 -2 10 -10 -11 13 -9
right_child=3 2 6 4 -6 -7 -8 12 9 11 -12 -13 -14 -15
leaf_value=0.000538417806463829 -0.0014801919591119605 -0.039450817935973069 0.0020402134045478747 0.0031765626619322885 0.011555421553848947 -0.022578082765669447 -0.020127958744764331 0.016609435020303678 -0.0087505694513431691 -0.010055033048704726 -0.048773115335165394 0.036042226973921059 0.0040262355712375143 -0.0022783188926385652
leaf_weight=23250 3127 55 165 1087 455 73 100 116 814 57 70 50 1593 4450
leaf_count=23250 3127 55 165 1087 455 73 100 116 814 57 70 50 1593 4450
internal_value=-3.7437e-13 0.000367936 -0.0120186 -0.000729251 0.00437303 0.0015558 -0.00632513 -0.00153106 -0.00338433 -0.00939264 -0.0119198 0.0114857 -0.000291936 -0.00179847
internal_weight=35462 23570 320 11892 1615 1160 265 10277 4118 991 884 107 6159 4566
internal_count=35462 23570 320 11892 1615 1160 265 10277 4118 991 884 107 6159 4566
is_linear=0
shrinkage=0.1


Tree=69
num_leaves=15
num_cat=0
split_feature=3 1 3 0 4 4 3 4 4 0 4 2 4 2
split_gain=0.90022 1.06892 1.00113 1.49386 1.90704 2.33042 1.66696 1.28264 3.21612 2.92711 2.78777 2.26722 2.20824 3.00224
threshold=25.500000000000004 5.5000000000000009 14.500000000000002 4.5000000000000009 1.4121934762757467 1.3517217879633232 15.500000000000002 1.9672607374070148 2.0153422310300546 3.5000000000000004 2.0810909005424088 2.5000000000000004 1.9264256858355953 1.5000000000000002
decision_type=2 2 2 2 2 2 2 2 2 2 2 2 2 2
left_child=2 -2 -1 4 5 -4 -5 12 9 -9 -10 -11 -6 -14
right_child=1 -3 3 6 7 -7 -8 8 10 11 -12 -13 13 -15
leaf_value=-0.00011495918567964138 -0.01751747780945152 0.0070939139276742936 0.0034267597677202564 0.017425339953190396 -0.00095122702021885504 0.02189019172929409 0.001870053738821298 -0.017714940307831224 -0.026392507987717792 0.029906977259594465 0.0023613311558667769 -0.0006458337782091942 -0.039610706725054318 -0.0034098813879407117
leaf_weight=33096 60 25 411 126 1051 82 152 22 42 92 171 33 36 63
leaf_count=33096 60 25 411 126 1051 82 152 22 42 92 171 33 36 63
internal_value=1.09953e-11 -0.0102788 2.46969e-05 0.00205103 0.00109763 0.00649776 0.00892029 -0.00066546 0.00454362 0.0159211 -0.00330844 0.021841 -0.00229613 -0.0165738
internal_weight=35462 85 35377 2281 2003 493 278 1510 360 147 213 125 1150 99
internal_count=35462 85 35377 2281 2003 493 278 1510 360 147 213 125 1150 99
is_linear=0
shrinkage=0.1


Tree=70
num_leaves=15
num_cat=0
split_feature=4 4 4 1 4 4 4 4 1 1 3 4 4 1
split_gain=0.865176 10.0039 3.39577 3.0815 2.87587 3.97963 2.70403 19.7727 4.93791 2.41302 2.38248 2.16534 5.29184 5.32395
threshold=1.5948466358941717 1.6022076123817919 1.6098743075295523 6.5000000000000009 1.5824884779737773 1.5818302587175557 1.5801805612141326 1.5761530440151152 5.5000000000000009 5.5000000000000009 3.5000000000000004 1.7003642268042418 1.6705470952008794 5.5000000000000009
decision_type=2 2 2 2 2 2 2 2 2 2 2 2 2 2
left_child=4 10 3 -3 5 6 7 -1 -9 -8 -2 12 -4 -14
right_child=1 2 11 -5 -6 -7 9 8 -10 -11 -12 -13 13 -15
leaf_value=-0.00048767920806305808 -0.0034968752045790815 -0.011387560345797056 -0.00070694110469995952 0.020038996960091243 -0.007861695636113707 0.02421377363586516 -0.017588988823914214 0.07025202205594705 0.011288543129339815 0.01388838821700935 0.021879689932497712 -3.1500917139600349e-05 0.014858174683745014 -0.001799321390519088
leaf_weight=15710 43 379 1298 34 518 66 152 49 20 29 265 16030 583 286
leaf_count=15710 43 379 1298 34 518 66 152 49 20 29 265 16030 583 286
internal_value=1.84243e-11 0.000461906 0.000166071 -0.00880039 -0.000528187 -0.00029115 -0.000392486 -0.000253078 0.0531612 -0.0125457 0.0183369 0.000369574 0.00333646 0.00937596
internal_weight=35462 18918 18610 413 16544 16026 15960 15779 69 181 308 18197 2167 869
internal_count=35462 18918 18610 413 16544 16026 15960 15779 69 181 308 18197 2167 869
is_linear=0
shrinkage=0.1


Tree=71
num_leaves=15
num_cat=0
split_feature=4 4 4 0 3 3 2 0 4 4 2 4 4 4
split_gain=0.863262 3.28877 2.30149 2.86966 2.10982 1.97427 3.58624 2.60006 5.26253 2.59785 2.28037 3.39506 4.307 6.90407
threshold=1.8657218384718588 1.8970867634865252 1.881899468745484 4.5000000000000009 10.500000000000002 7.5000000000000009 1.5000000000000002 3.5000000000000004 1.9953717702206557 1.9710783896544259 2.5000000000000004 2.0641363113186242 1.9974481022522739 2.0030774947854542
decision_type=2 2 2 2 2 2 2 2 2 2 2 2 2 2
left_child=-1 2 3 4 -2 6 9 8 -8 -3 -9 12 -12 -14
right_child=1 5 -4 -5 -6 -7 7 10 -10 -11 11 -13 13 -15
leaf_value=-0.00028557606325607112 0.011006029452854659 0.0093180917203426368 0.016769134951880583 -0.0081507668084120511 -0.0077974365473213337 0.0013191834861461939 -0.042729605808854106 -0.0040448218128542055 -0.0010724831970849184 -0.030784210323223045 0.0037594459016788342 0.0090107460326591931 -0.033478047869315276 -0.00084096732076860089
leaf_weight=26563 374 21 186 146 71 5550 45 1033 93 70 538 473 95 204
leaf_count=26563 374 21 186 146 71 5550 45 1033 93 70 538 473 95 204
internal_value=-1.39023e-11 0.000852428 0.0070678 0.00401459 0.00800593 0.000257827 -0.00203242 -0.00131728 -0.0146563 -0.0215298 -0.00053163 0.0022387 -0.00158828 -0.0112106
internal_weight=35462 8899 777 591 445 8122 2572 2481 138 91 2343 1310 837 299
internal_count=35462 8899 777 591 445 8122 2572 2481 138 91 2343 1310 837 299
is_linear=0
shrinkage=0.1


Tree=72
num_leaves=15
num_cat=0
split_feature=4 1 4 4 4 2 3 0 1 4 2 0 4 4
split_gain=0.738017 1.18788 0.741788 8.54582 4.15913 2.67447 3.78189 2.34729 2.36208 3.05559 2.49469 2.30767 1.92524 3.02234
threshold=1.0000000180025095e-35 6.5000000000000009 1.1187307799181914 0.96830805415560151 1.234824441073137 3.5000000000000004 2.5000000000000004 4.5000000000000009 6.5000000000000009 1.2209092028957025 2.5000000000000004 4.5000000000000009 1.1324149904445073 1.1656012481144915
decision_type=2 2 2 2 2 2 2 2 2 2 2 2 2 2
left_child=1 -1 3 5 7 6 -2 12 9 -9 -11 -7 -4 -14
right_child=2 -3 4 -5 -6 11 -8 8 -10 10 -12 -13 13 -15
leaf_value=-0.023217216933678304 -0.017704086554823098 0.0034400231903418902 -0.017930834530027095 0.014944343828909096 0.00016281250042630958 0.047059551719576126 -0.00038915350525974734 0.01088601376340889 -0.014679092188365758 -0.020343550953122094 0.009960586071776396 0.0068678558457177137 0.015741662245007264 -0.0067572588165047635
leaf_weight=35 135 32 141 407 31069 20 1923 255 75 71 44 50 63 1142
leaf_count=35 135 32 141 407 31069 20 1923 255 75 71 44 50 63 1142
internal_value=1.02636e-11 -0.0104854 1.98481e-05 0.00166806 -0.000107304 -0.000871151 -0.00152497 -0.0047931 0.00150309 0.00478326 -0.00874892 0.0183512 -0.00687467 -0.00558097
internal_weight=35462 67 35395 2535 32860 2128 2058 1791 445 370 115 70 1346 1205
internal_count=35462 67 35395 2535 32860 2128 2058 1791 445 370 115 70 1346 1205
is_linear=0
shrinkage=0.1


Tree=73
num_leaves=15
num_cat=0
split_feature=1 0 3 0 4 1 4 2 3 3 1 4 4 4
split_gain=0.75376 4.05248 4.16898 4.01083 2.67325 2.81184 2.92001 2.25055 3.03034 3.56117 7.35406 2.08048 3.9684 2.85918
threshold=5.5000000000000009 5.5000000000000009 1.5000000000000002 5.5000000000000009 2.1051679393975067 6.5000000000000009 2.122011656094192 3.5000000000000004 3.5000000000000004 4.5000000000000009 6.5000000000000009 1.802644386203526 1.6526217036570274 1.9819850549695606
decision_type=2 2 2 2 2 2 2 2 2 2 2 2 2 2
left_child=1 -1 -3 -2 7 6 -6 8 -5 10 -10 12 -11 -13
right_child=3 2 -4 4 5 -7 -8 -9 9 11 -12 13 -14 -15
leaf_value=0.00048130939150324857 -0.001377082509994753 -0.04633704354365667 -0.0071781661565182737 -0.0088941396852196368 0.040333887152373793 0.052427060885185554 -0.007820339909042507 0.016862571862187575 0.051623929762059741 0.0041383275915733604 -0.018720821582752727 0.019442465828101076 -0.011476498193374263 -0.0027290961442294681
leaf_weight=23250 10277 30 290 216 20 22 34 110 42 690 23 150 213 95
leaf_count=23250 10277 30 290 216 20 22 34 110 42 690 23 150 213 95
internal_value=2.76661e-11 0.000327478 -0.0108493 -0.000649063 0.00398366 0.0222919 0.0100146 0.00307955 0.00201858 0.00396182 0.0267327 0.00267252 0.000455096 0.0108453
internal_weight=35462 23570 320 11892 1615 76 54 1539 1429 1213 65 1148 903 245
internal_count=35462 23570 320 11892 1615 76 54 1539 1429 1213 65 1148 903 245
is_linear=0
shrinkage=0.1


Tree=74
num_leaves=15
num_cat=0
split_feature=3 3 4 3 0 4 4 4 4 3 4 4 2 2
split_gain=0.711272 0.930269 0.915623 0.779209 1.1982 1.67086 1.49831 1.43333 1.92982 1.35851 1.32628 3.52498 1.83277 1.34202
threshold=25.500000000000004 28.500000000000004 1.7760091725588103 14.500000000000002 4.5000000000000009 1.444681844496029 1.4203597272865978 1.4121934762757467 1.3807697295982524 15.500000000000002 1.5247367806404934 1.5373190604445068 1.5000000000000002 1.5000000000000002
decision_type=2 2 2 2 2 2 2 2 2 2 2 2 2 2
left_child=3 2 -2 -1 5 6 7 8 -5 -6 12 -12 -7 -13
right_child=1 -3 -4 4 9 10 -8 -9 -10 -11 11 13 -14 -15
leaf_value=-0.00010125612534309012 -0.025389652608550695 0.0061963341440315605 0.0010445040103513748 0.0042959152841839298 0.015639630595724735 0.0058682996974284973 0.029525209140032534 -0.013487647898586058 0.029330821891992612 0.0015970653866564757 0.042087553660385316 -0.0054766868688059097 -0.013925395464644797 0.0018907063275970142
leaf_weight=33096 38 27 20 460 126 67 25 41 33 152 20 348 155 854
leaf_count=33096 38 27 20 460 126 67 25 41 33 152 20 348 155 854
internal_value=2.31123e-11 -0.00913666 -0.0162744 2.19526e-05 0.00180964 0.000955787 0.00559781 0.00447761 0.00597168 0.00796168 -0.000841228 0.000450513 -0.00795162 -0.000242283
internal_weight=35462 85 58 35377 2281 2003 559 534 493 278 1444 1222 222 1202
internal_count=35462 85 58 35377 2281 2003 559 534 493 278 1444 1222 222 1202
is_linear=0
shrinkage=0.1


Tree=75
num_leaves=15
num_cat=0
split_feature=4 3 0 4 2 3 3 2 4 4 3 2 0 4
split_gain=0.653921 1.9913 1.9134 2.58426 2.07035 2.25788 1.90932 3.8186 2.57154 2.14814 1.95803 1.85056 2.2037 1.8828
threshold=2.122011656094192 16.500000000000004 4.5000000000000009 2.218371559643098 2.5000000000000004 9.5000000000000018 5.5000000000000009 2.5000000000000004 2.2684468746594777 2.153232141936765 14.500000000000002 1.5000000000000002 3.5000000000000004 2.3341282410882811
decision_type=2 2 2 2 2 2 2 2 2 2 2 2 2 2
left_child=-1 2 6 4 -4 -6 7 8 9 -2 11 12 -8 -14
right_child=1 -3 3 -5 5 -7 10 -9 -10 -11 -12 -13 13 -15
leaf_value=-9.0309236288301973e-05 -0.003143059387803078 0.020048830773034213 -0.024745005965232852 0.0035886720579170377 0.015705648319357456 -0.026638450529426341 0.033080604282163438 0.0047683437872030098 0.010113484235480428 -0.042150749296221576 -0.017671409812626531 0.010640021105337539 -0.0027921376275106768 0.016926061306315073
leaf_weight=33960 20 59 90 141 34 20 21 152 20 48 36 447 358 56
leaf_count=33960 20 59 90 141 34 20 21 152 20 48 36 447 358 56
internal_value=2.61258e-11 0.00204188 0.00130563 -0.00603447 -0.0154571 2.26487e-05 0.00311213 -0.00482933 -0.0214071 -0.0306779 0.00518833 0.00612138 0.00147808 -0.000124942
internal_weight=35462 1502 1443 285 144 54 1158 240 88 68 918 882 435 414
internal_count=35462 1502 1443 285 144 54 1158 240 88 68 918 882 435 414
is_linear=0
shrinkage=0.1


Tree=76
num_leaves=15
num_cat=0
split_feature=0 1 3 3 2 4 4 4 4 4 4 1 4 2
split_gain=0.620896 2.66342 2.47377 5.45201 4.99592 3.81544 6.75897 5.3211 3.81079 3.41207 4.67854 2.91927 2.84243 4.69938
threshold=4.5000000000000009 5.5000000000000009 9.5000000000000018 7.5000000000000009 1.5000000000000002 1.1187307799181914 1.3185090693765102 0.70260605802460308 1.3164455194612825 1.9565032105594007 1.8566011550509269 6.5000000000000009 2.007295563681804 2.5000000000000004
decision_type=2 2 2 2 2 2 2 2 2 2 2 2 2 2
left_child=1 -1 3 9 -5 7 8 -4 -7 10 -3 -12 -11 -14
right_child=-2 2 5 4 -6 6 -8 -9 -10 12 11 -13 13 -15
leaf_value=0.00032058701097530037 0.00070727597265556974 -0.0017989473903407749 -0.0064560732805134307 0.029649547401529093 -0.01522835341816837 -0.01142008237173767 -0.00030372847638896302 0.010741959451474506 -0.050926053574165478 -0.025029602091298137 0.0082387566341312387 0.040939343842462853 -0.02064099594267706 0.015800525898586461
leaf_weight=19925 9194 1374 260 26 540 401 2753 584 26 107 91 39 75 67
leaf_count=19925 9194 1374 260 26 540 401 2753 584 26 107 91 39 75 67
internal_value=-3.2398e-12 -0.000247552 -0.00203222 -0.00463364 -0.0131668 -0.000533044 -0.0021194 0.00544399 -0.0138256 -0.00187849 -8.33726e-05 0.0180489 -0.0127213 -0.00344676
internal_weight=35462 26268 6343 2319 566 4024 3180 844 427 1753 1504 130 249 142
internal_count=35462 26268 6343 2319 566 4024 3180 844 427 1753 1504 130 249 142
is_linear=0
shrinkage=0.1


Tree=77
num_leaves=15
num_cat=0
split_feature=2 0 4 0 3 3 4 4 4 4 4 0 3 4
split_gain=0.681027 1.85854 1.5252 2.02471 1.3358 4.64673 1.32592 5.15084 2.36069 3.7782 2.68443 3.89097 2.83636 2.35097
threshold=1.5000000000000002 3.5000000000000004 0.55885072589252915 5.5000000000000009 21.500000000000004 19.500000000000004 1.7962968342019978 1.802644386203526 1.8566011550509269 1.8604410769862569 1.8552749900656431 5.5000000000000009 7.5000000000000009 1.444681844496029
decision_type=2 2 2 2 2 2 2 2 2 2 2 2 2 2
left_child=2 -2 3 -1 5 6 13 -8 10 -10 11 -9 -13 -3
right_child=1 4 -4 -5 -6 -7 7 8 9 -11 -12 12 -14 -15
leaf_value=-0.012797696730838373 -0.0033040484328242057 0.0014399647849264925 -0.00043649258708946897 0.01703490849199275 -0.0071711081150725347 0.014969857449718153 0.045268897932988633 0.0023911078710286806 -0.014938446660836539 0.0011545978863144347 0.020212619840128333 0.057220613340968673 0.0069965960669585263 -0.0011585360145740114
leaf_weight=182 1321 6077 12851 26 221 224 27 749 150 5317 119 23 22 8153
leaf_count=182 1321 6077 12851 26 221 224 27 749 150 5317 119 23 22 8153
internal_value=-3.86582e-11 0.000334582 -0.000573983 -0.00906862 0.000562579 0.000644509 0.000489017 0.00168359 0.00149913 0.000713047 0.00620618 0.00410698 0.0326666 -4.88319e-05
internal_weight=35462 22403 13059 208 21082 20861 20637 6407 6380 5467 913 794 45 14230
internal_count=35462 22403 13059 208 21082 20861 20637 6407 6380 5467 913 794 45 14230
is_linear=0
shrinkage=0.1


Tree=78
num_leaves=15
num_cat=0
split_feature=4 4 4 1 2 2 4 4 1 3 4 4 4 4
split_gain=0.589722 8.50854 2.55142 2.32465 2.24272 2.08116 1.67587 7.74268 4.31286 3.04578 1.94661 2.83659 2.28677 3.39159
threshold=1.3088096942795557 1.3164455194612825 1.3186990995297665 6.5000000000000009 3.5000000000000004 1.5000000000000002 1.1187307799181914 0.96830805415560151 6.5000000000000009 3.5000000000000004 1.1668185953153702 1.2179196422550749 1.234824441073137 1.285197039995962
decision_type=2 2 2 2 2 2 2 2 2 2 2 2 2 2
left_child=4 -2 3 5 6 -3 7 9 10 -1 -8 -12 -13 -14
right_child=1 2 -4 -5 -6 -7 8 -9 -10 -11 11 12 13 -15
leaf_value=-0.012866042688282953 0.022763286054650524 0.0026215794305538848 0.00019048625561127446 -0.034695623266244577 0.010545724076860233 -0.010150989832696864 -0.0075887161389934822 0.013526184451737209 -0.013937533715230196 -0.00036283297310609397 0.0082301902836488649 -0.0060976514375438665 0.0058860859466741593 -0.0033866802900261611
leaf_weight=217 166 210 28531 28 167 325 455 400 307 1907 326 796 672 955
leaf_count=217 166 210 28531 28 167 325 455 400 307 1907 326 796 672 955
internal_value=5.90122e-12 0.000187746 5.89381e-05 -0.00660749 -0.000885755 -0.00513746 -0.00120209 0.00076332 -0.00261498 -0.00164023 -0.00153008 -0.000527289 -0.00170556 0.000443251
internal_weight=35462 29260 29094 563 6202 535 6035 2524 3511 2124 3204 2749 2423 1627
internal_count=35462 29260 29094 563 6202 535 6035 2524 3511 2124 3204 2749 2423 1627
is_linear=0
shrinkage=0.1


Tree=79
num_leaves=15
num_cat=0
split_feature=2 0 0 3 0 1 4 4 4 4 4 4 4 4
split_gain=0.575074 1.5554 1.49262 1.70259 3.0763 1.57952 3.51759 2.70419 1.9081 4.17142 3.49934 2.75565 2.16135 2.49828
threshold=1.5000000000000002 2.5000000000000004 3.5000000000000004 1.5000000000000002 5.5000000000000009 5.5000000000000009 1.7529599715704698 1.5373190604445068 1.7351197702763381 1.4955410179552462 2.0641363113186242 1.3517217879633232 1.9761975116437951 1.9974481022522739
decision_type=2 2 2 2 2 2 2 2 2 2 2 2 2 2
left_child=2 -2 5 4 -4 8 7 -7 9 11 12 -1 -10 -14
right_child=1 -3 3 -5 -6 6 -8 -9 10 -11 -12 -13 13 -15
leaf_value=0.015449504325023065 -0.01604728648069732 0.00034990666357465994 -0.0016515179682109089 -0.00065027576500906333 -0.047279826314611868 0.014132816246787056 0.0416085855449949 -0.028239418985322118 -0.0037821369838812167 0.022937760181371326 0.026864145810787495 -0.01798502466008901 -0.057319439072161915 -0.010308598440427048
leaf_weight=39 58 22345 45 12516 22 61 35 20 84 98 26 67 20 26
leaf_count=39 58 22345 45 12516 22 61 35 20 84 98 26 67 20 26
internal_value=5.14742e-12 0.000307455 -0.000527446 -0.000735383 -0.0166339 0.00496934 0.0151174 0.00367054 0.00169942 0.00806586 -0.00662592 -0.00568364 -0.0133239 -0.0307481
internal_weight=35462 22403 13059 12583 67 476 116 81 360 204 156 106 130 46
internal_count=35462 22403 13059 12583 67 476 116 81 360 204 156 106 130 46
is_linear=0
shrinkage=0.1


Tree=80
num_leaves=15
num_cat=0
split_feature=3 4 4 4 2 0 4 4 2 3 3 3 4 1
split_gain=0.555358 2.08448 5.04272 4.14764 3.80051 2.19623 2.75144 2.16199 2.89827 2.20783 1.88464 1.86589 4.39855 3.5765
threshold=7.5000000000000009 1.9710783896544259 1.7886522798879532 1.7803832127737507 1.5000000000000002 3.5000000000000004 1.8719175136546948 2.0273264317602298 2.5000000000000004 1.5000000000000002 4.5000000000000009 3.5000000000000004 1.979265836284841 6.5000000000000009
decision_type=2 2 2 2 2 2 2 2 2 2 2 2 2 2
left_child=1 2 3 -1 -3 6 -4 11 9 -9 -5 12 -6 -14
right_child=-2 4 5 10 7 -7 -8 8 -10 -11 -12 -13 13 -15
leaf_value=-0.00076149445526265368 0.00026820864051116644 -0.026457127697233646 0.0055840121927084752 -0.0085507696658425354 0.018759671449661258 0.0058847148506729671 -0.028103544903834439 0.023646084327871603 0.0049778123615839961 -0.007563584112315714 -0.033471340222178764 -0.0034988366983100434 -0.024134031643856423 0.019450458813281286
leaf_weight=7438 24300 70 54 71 35 1586 44 24 583 408 53 593 182 21
leaf_count=7438 24300 70 54 71 35 1586 44 24 583 408 53 593 182 21
internal_value=1.55804e-11 -0.000583898 3.81848e-05 -0.00106388 -0.00358587 0.00498702 -0.00954101 -0.0027186 0.000377959 -0.00582971 -0.0192023 -0.00650079 -0.0139804 -0.0196253
internal_weight=35462 11162 9246 7562 1916 1684 98 1846 1015 432 124 831 238 203
internal_count=35462 11162 9246 7562 1916 1684 98 1846 1015 432 124 831 238 203
is_linear=0
shrinkage=0.1


Tree=81
num_leaves=15
num_cat=0
split_feature=4 4 4 3 4 4 2 3 0 1 1 4 3 2
split_gain=0.515581 29.3004 2.49698 5.45619 2.17081 5.60336 1.94625 2.38226 1.85775 1.67693 1.58296 1.551 4.67692 2.09375
threshold=1.2721210631747382 1.285197039995962 1.2945722537308293 5.5000000000000009 1.1187307799181914 0.96830805415560151 3.5000000000000004 3.5000000000000004 4.5000000000000009 6.5000000000000009 5.5000000000000009 1.0586262325114151 5.5000000000000009 1.5000000000000002
decision_type=2 2 2 2 2 2 2 2 2 2 2 2 2 2
left_child=4 -2 3 -3 5 6 7 -1 -8 -6 -5 -7 -13 -14
right_child=1 2 -4 10 9 11 8 -9 -10 -11 -12 12 13 -15
leaf_value=-0.011384274865165869 0.075889240351377757 0.013216577007343794 0.00015378162622438699 -0.0082089178029730522 -0.0022347450867039173 0.0076342005734117563 0.041205405220389374 -0.0003265393499991167 0.0052451063705352598 -0.011361231755389415 -0.022260092218325905 -0.016172004077169632 0.015022648221000712 0.043647182553208305
leaf_weight=217 51 112 29760 350 2262 277 20 1907 51 221 104 27 47 56
leaf_count=217 51 112 29760 350 2262 277 20 1907 51 221 104 27 47 56
internal_value=-2.44035e-11 0.000156005 2.8643e-05 -0.00655109 -0.000931953 0.00108641 -0.00091184 -0.00145626 0.0153748 -0.00304705 -0.0114277 0.0118632 0.0208743 0.0305855
internal_weight=35462 30377 30326 566 5085 2602 2195 2124 71 2483 454 407 130 103
internal_count=35462 30377 30326 566 5085 2602 2195 2124 71 2483 454 407 130 103
is_linear=0
shrinkage=0.1


Tree=82
num_leaves=15
num_cat=0
split_feature=3 1 3 4 4 4 4 4 4 4 4 3 4 1
split_gain=0.507864 0.886634 0.573012 1.27539 3.50142 3.68043 2.61086 1.24068 2.14199 1.05535 0.966228 0.890343 1.20787 1.06777
threshold=25.500000000000004 5.5000000000000009 19.500000000000004 1.9651283815849063 2.0153422310300546 2.1051679393975067 1.9264256858355953 1.8604410769862569 1.8321824201860368 2.1639112665915126 1.7904888198740647 24.500000000000004 1.497625263372141 5.5000000000000009
decision_type=2 2 2 2 2 2 2 2 2 2 2 2 2 2
left_child=2 -2 -1 6 -5 -6 7 8 10 -7 11 13 -13 -4
right_child=1 -3 3 4 5 9 -8 -9 -10 -11 -12 12 -14 -15
leaf_value=-4.168134731639782e-05 -0.014313062645184498 0.0081017941832542423 0.0023812645063773 0.03131194466173097 -0.025585900826586617 0.03084522068896331 -0.029059457958542874 0.018970784631262467 -0.030383089025105749 0.0020695021949135341 0.022693750067529356 0.0014892992413332385 0.033010209351778029 -0.0093482963503243362
leaf_weight=34602 60 25 373 54 36 25 28 41 21 26 22 31 20 98
leaf_count=34602 60 25 373 54 36 25 28 41 21 26 22 31 20 98
internal_value=-1.87987e-11 -0.00772046 1.85499e-05 0.00270774 0.0113099 -0.00110523 0.000794647 0.00217404 0.000955166 0.0161752 0.00216491 0.00129971 0.0138504 -5.92811e-05
internal_weight=35462 85 35377 775 141 87 634 606 565 51 544 522 51 471
internal_count=35462 85 35377 775 141 87 634 606 565 51 544 522 51 471
is_linear=0
shrinkage=0.1


Tree=83
num_leaves=15
num_cat=0
split_feature=0 1 4 4 4 3 4 4 2 4 4 0 3 4
split_gain=0.493177 2.12187 2.40559 4.59573 5.81419 4.49129 2.9602 8.40023 6.80843 5.69714 4.70017 6.65793 4.11784 3.7103
threshold=4.5000000000000009 5.5000000000000009 2.3341282410882811 2.1639112665915126 2.1365151686618975 9.5000000000000018 1.9264256858355953 1.8719175136546948 2.5000000000000004 1.9405405013655448 1.7851602939594755 3.5000000000000004 9.5000000000000018 1.881899468745484
decision_type=2 2 2 2 2 2 2 2 2 2 2 2 2 2
left_child=1 -1 3 4 6 -6 7 10 13 -8 -3 -12 -13 -9
right_child=-2 2 -4 -5 5 -7 9 8 -10 -11 11 12 -14 -15
leaf_value=0.00028647362986198156 0.0006303490899636253 -0.00092892939722018079 0.024330629433638284 -0.025774180997395892 -0.0026042490026780538 0.044501077802851799 -0.039524936460545113 0.054096461919158005 -0.015447149559093471 -0.0053803475695995522 0.043659251609018873 -0.001976742389127718 -0.021537591531849216 0.019408509851253909
leaf_weight=19925 9194 4612 35 80 35 48 52 43 44 811 21 176 277 109
leaf_count=19925 9194 4612 35 80 35 48 52 43 44 811 21 176 277 109
internal_value=5.21057e-11 -0.000220627 -0.00181356 -0.00195862 -0.00165271 0.0246374 -0.0020078 -0.00112064 0.0191939 -0.00743773 -0.0019035 -0.011386 -0.0139378 0.0292215
internal_weight=35462 26268 6343 6308 6228 83 6145 5282 196 863 5086 474 453 152
internal_count=35462 26268 6343 6308 6228 83 6145 5282 196 863 5086 474 453 152
is_linear=0
shrinkage=0.1


Tree=84
num_leaves=15
num_cat=0
split_feature=3 4 4 4 2 0 2 4 4 3 4 3 0 0
split_gain=0.466391 1.65785 4.00677 3.38555 3.06963 1.83317 2.14685 1.78488 4.54986 3.37127 2.86274 2.42485 2.31501 1.8374
threshold=7.5000000000000009 1.9710783896544259 1.7886522798879532 1.7803832127737507 1.5000000000000002 3.5000000000000004 2.5000000000000004 1.9405405013655448 1.9496483931520718 6.5000000000000009 1.9264256858355953 3.5000000000000004 4.5000000000000009 5.5000000000000009
decision_type=2 2 2 2 2 2 2 2 2 2 2 2 2 2
left_child=1 2 3 -1 -3 6 -4 10 9 11 12 -9 -7 -14
right_child=-2 4 5 -5 -6 7 -8 8 -10 -11 -12 -13 13 -15
leaf_value=-0.0006894727275035162 0.00024578848223664031 -0.023767036114420211 0.017885230481624603 -0.017350208819299308 -0.0024328528969290684 0.0081512776273046476 -0.017038356276849905 0.012200036416955603 0.0035957766256136136 -0.0071083860099315638 -0.011296530157072932 0.050191668354507002 -0.0054407496853167443 0.010991300838068128
leaf_weight=7438 24300 70 23 124 1846 795 75 24 205 20 117 56 279 90
leaf_count=7438 24300 70 23 124 1846 795 75 24 205 20 117 56 279 90
internal_value=3.01907e-11 -0.000535089 1.96928e-05 -0.000962672 -0.00321229 0.004431 -0.008842 0.00525115 0.0121262 0.0296137 0.00361422 0.0387942 0.00511298 -0.00143293
internal_weight=35462 11162 9246 7562 1916 1684 98 1586 305 100 1281 80 1164 369
internal_count=35462 11162 9246 7562 1916 1684 98 1586 305 100 1281 80 1164 369
is_linear=0
shrinkage=0.1


Tree=85
num_leaves=15
num_cat=0
split_feature=4 4 4 4 1 2 2 4 4 4 3 2 3 3
split_gain=0.492551 4.25132 16.1993 2.79858 6.55896 2.52296 2.3647 2.24284 3.14212 16.4098 2.38822 4.39691 2.14996 2.12376
threshold=1.9343934090643871 1.9264256858355953 1.9223890940055666 1.9198662105241049 5.5000000000000009 1.5000000000000002 1.5000000000000002 1.9620468364467014 1.9461001228791643 1.9496483931520718 7.5000000000000009 1.5000000000000002 10.500000000000002 11.500000000000002
decision_type=2 2 2 2 2 2 2 2 2 2 2 2 2 2
left_child=1 2 3 -1 5 -5 -6 8 -2 -10 11 -9 -3 -11
right_child=7 12 -4 4 6 -7 -8 10 9 13 -12 -13 -14 -15
leaf_value=-7.0665176162019137e-05 0.00056582729999214286 -0.0085746218294284679 0.053672173047172173 -0.0045119993398195042 0.038165403438594057 -0.029596593789557299 0.00073142152279615403 -0.026104514175034191 0.076267255711797127 0.0079445510916588257 0.001472528094916306 -0.0017481096257262211 -0.033151212988830191 -0.023309867984304827
leaf_weight=27701 426 270 56 61 27 117 45 77 37 231 4369 1980 41 24
leaf_count=27701 426 270 56 61 27 117 45 77 37 231 4369 1980 41 24
internal_value=1.1435e-11 -0.00018719 -5.80751e-05 -0.000165724 -0.0106986 -0.0210002 0.0147692 0.000742001 0.00604274 0.014033 0.000149731 -0.00265985 -0.0118146 0.00500296
internal_weight=35462 28318 28007 27951 250 178 72 7144 718 292 6426 2057 311 255
internal_count=35462 28318 28007 27951 250 178 72 7144 718 292 6426 2057 311 255
is_linear=0
shrinkage=0.1


Tree=86
num_leaves=15
num_cat=0
split_feature=2 0 4 4 1 0 0 4 0 4 4 1 0 4
split_gain=0.487646 1.28406 1.20302 1.19752 1.60486 3.81519 1.20972 1.16766 1.72604 7.66099 1.4508 2.49939 1.97168 2.86094
threshold=1.5000000000000002 3.5000000000000004 2.1158673496986755 0.64397903145806012 6.5000000000000009 4.5000000000000009 4.5000000000000009 1.0145715730519445 5.5000000000000009 0.85296558803602185 1.2945722537308293 6.5000000000000009 6.5000000000000009 1.7689956643690847
decision_type=2 2 2 2 2 2 2 2 2 2 2 2 2 2
left_child=3 2 -2 4 5 -1 -6 8 -5 -10 11 -9 -12 -14
right_child=1 -3 -4 7 6 -7 -8 10 9 -11 12 -13 13 -15
leaf_value=-0.015939340303525514 -0.0034443302631776938 0.00047263276934622763 0.010212769744205564 0.0046047063073483066 -0.005240002444886145 0.014219200750277645 -0.024612939419140195 -0.0019140230930881988 -0.060087686504370401 0.021119586700716845 -0.00012193827447220054 -0.014472582306158036 -0.00063582965085515761 -0.048137341688076658
leaf_weight=81 1253 21082 68 732 63 87 66 1009 21 26 10733 188 32 21
leaf_count=81 1253 21082 68 732 63 87 66 1009 21 26 10733 188 32 21
internal_value=4.71305e-12 0.000283121 -0.00274132 -0.000485701 -0.00676293 -0.000321524 -0.0151517 -0.000339616 0.00341195 -0.0151645 -0.000583501 -0.00388646 -0.000216947 -0.0194572
internal_weight=35462 22403 1321 13059 297 168 129 12762 779 47 11983 1197 10786 53
internal_count=35462 22403 1321 13059 297 168 129 12762 779 47 11983 1197 10786 53
is_linear=0
shrinkage=0.1


Tree=87
num_leaves=15
num_cat=0
split_feature=4 4 4 0 4 4 1 2 4 1 4 4 0 2
split_gain=0.423631 2.04787 2.02584 4.06143 3.70444 6.15151 3.74572 3.33398 4.42755 3.74166 2.98472 2.91294 2.46385 2.36164
threshold=1.8657218384718588 1.8970867634865252 1.8321824201860368 5.5000000000000009 1.7962968342019978 1.802644386203526 6.5000000000000009 1.5000000000000002 1.8566011550509269 6.5000000000000009 1.8260734641687224 1.8474747120800743 4.5000000000000009 1.5000000000000002
decision_type=2 2 2 2 2 2 2 2 2 2 2 2 2 2
left_child=2 -2 4 7 -1 -6 10 8 9 -4 -7 -5 -10 -12
right_child=1 -3 3 11 5 6 -8 -9 12 -11 13 -13 -14 -15
leaf_value=-0.00017612798330670946 0.0055017190047092091 0.00012794415253956348 -0.013898370543249772 0.047720499207144197 0.045185912018868984 -0.0014183799320758852 0.027998895807162166 -0.0011628045934949306 -0.0040833428421619298 -0.047369943106093923 -0.0049084432975009633 0.0062278516357764605 0.025021115992520306 0.031097174608813866
leaf_weight=24470 777 8122 343 23 41 408 63 858 136 37 27 64 37 56
leaf_count=24470 777 8122 343 23 41 408 63 858 136 37 27 64 37 56
internal_value=-2.06803e-11 0.000597146 -0.000200053 -0.00377231 1.34417e-05 0.00780969 0.00504358 -0.00506525 -0.01112 -0.0171574 0.0020982 0.0171972 0.00214131 0.0193845
internal_weight=35462 8899 26563 1498 25065 595 554 1411 553 380 491 87 173 83
internal_count=35462 8899 26563 1498 25065 595 554 1411 553 380 491 87 173 83
is_linear=0
shrinkage=0.1


Tree=88
num_leaves=15
num_cat=0
split_feature=3 4 4 4 4 4 4 4 3 2 1 1 4 0
split_gain=0.425424 1.24326 3.04076 2.89018 1.46767 1.21373 2.7804 1.65664 1.12264 2.67866 6.28974 3.19824 2.96081 1.51819
threshold=20.500000000000004 1.9223890940055666 1.8542842352070943 2.0810909005424088 1.7546545407562115 1.4121934762757467 1.2972151526429649 1.5012405813819727 19.500000000000004 1.5000000000000002 5.5000000000000009 5.5000000000000009 1.6275748138105273 4.5000000000000009
decision_type=2 2 2 2 2 2 2 2 2 2 2 2 2 2
left_child=8 2 4 -3 5 6 -2 -7 -1 10 13 -11 -12 -10
right_child=1 3 -4 -5 -6 7 -8 -9 9 11 12 -13 -14 -15
leaf_value=-3.7207153990517391e-05 -0.0092785968747512819 0.02596440680423065 -0.038342206621611558 -0.020261645960688062 0.015982049863253321 -0.028358511394972721 0.030182427723103991 -0.0037975065790018755 0.0037652648703823256 0.0070979011653172263 -0.0089244055652582064 0.037453402491113133 -0.049165719679810788 0.029801542975008491
leaf_weight=34602 57 38 27 21 35 43 26 76 215 180 41 43 33 25
leaf_count=34602 57 38 27 21 35 43 26 76 215 180 41 43 33 25
internal_value=-1.72815e-11 -0.00361263 -0.00654557 0.00951107 -0.00292317 -0.00619883 0.00308269 -0.0126725 3.32075e-05 0.00457043 -0.00138153 0.0129512 -0.0268699 0.00647738
internal_weight=35462 323 264 59 237 202 83 119 35139 537 314 223 74 240
internal_count=35462 323 264 59 237 202 83 119 35139 537 314 223 74 240
is_linear=0
shrinkage=0.1


Tree=89
num_leaves=15
num_cat=0
split_feature=4 4 1 0 3 3 2 0 4 3 2 4 3 4
split_gain=0.414726 1.591 2.01198 1.79835 1.69545 2.0137 1.57254 1.40505 3.44241 1.42235 2.74528 2.6692 1.37365 1.28887
threshold=2.122011656094192 2.1496712804322624 5.5000000000000009 4.5000000000000009 16.500000000000004 14.500000000000002 1.5000000000000002 4.5000000000000009 2.153232141936765 5.5000000000000009 2.5000000000000004 2.2684468746594777 4.5000000000000009 2.1639112665915126
decision_type=2 2 2 2 2 2 2 2 2 2 2 2 2 2
left_child=-1 2 3 6 5 7 -2 9 -9 10 11 -3 -8 -12
right_child=1 4 -4 -5 -6 -7 12 8 -10 -11 13 -13 -14 -15
leaf_value=-7.1920082086805549e-05 -0.0033176183704507808 -0.031520466460731998 0.030706333842229202 -0.016814361536695112 0.017438992702148177 -0.027017619414255026 -0.0033681150060147049 -0.03844806350146731 -0.002190977852176694 0.0038275985472995149 0.017025710170467695 0.010939885356929155 0.024209550250168535 -0.0039469516614363308
leaf_weight=33960 59 57 37 31 55 28 24 30 206 753 45 20 73 84
leaf_count=33960 59 57 37 31 55 28 24 30 206 753 45 20 73 84
internal_value=-4.60637e-12 0.0016261 0.00940005 0.00518437 0.000263532 -0.000508872 0.00955592 0.000112253 -0.00679993 0.00181327 -0.00554979 -0.0204918 0.0173862 0.00336909
internal_weight=35462 1502 224 187 1278 1223 156 1195 236 959 206 77 97 129
internal_count=35462 1502 224 187 1278 1223 156 1195 236 959 206 77 97 129
is_linear=0
shrinkage=0.1


Tree=90
num_leaves=15
num_cat=0
split_feature=4 1 4 4 4 4 4 4 4 4 2 2 3 0
split_gain=0.41133 1.06761 0.42103 4.38972 2.66567 2.29027 1.85861 5.04411 1.66619 1.46842 1.39371 1.37439 1.97473 1.60181
threshold=1.0000000180025095e-35 6.5000000000000009 1.1187307799181914 0.96830805415560151 1.1668185953153702 1.1919010121222409 1.1656012481144915 1.1324149904445073 1.234824441073137 1.2179196422550749 2.5000000000000004 3.5000000000000004 2.5000000000000004 4.5000000000000009
decision_type=2 2 2 2 2 2 2 2 2 2 2 2 2 2
left_child=1 -1 3 11 6 -6 7 -4 9 -7 -9 12 -2 -13
right_child=2 -3 4 -5 5 8 -8 10 -10 -11 -12 13 -14 -15
leaf_value=-0.019897985217560615 -0.012723068073219448 0.0053736818954348564 -0.011357713368607268 0.010771757646987824 0.011895620624281835 0.0034945652219316651 -0.013684257207917766 0.0086831676342083129 0.00011041044625599282 -0.005697264523620911 0.034404617881980439 0.037134534940123559 -0.00021126994020942438 0.0036492442581802609
leaf_weight=35 135 32 196 407 162 217 237 77 31069 873 29 20 1923 50
leaf_count=35 135 32 196 407 162 217 237 77 31069 873 29 20 1923 50
internal_value=-3.39813e-11 -0.00782794 1.48176e-05 0.00125656 -8.09769e-05 3.53343e-05 -0.00705555 -0.00185356 -2.44115e-05 -0.00386733 0.0157202 -0.000563315 -0.00103201 0.0132165
internal_weight=35462 67 35395 2535 32860 32321 539 302 32159 1090 106 2128 2058 70
internal_count=35462 67 35395 2535 32860 32321 539 302 32159 1090 106 2128 2058 70
is_linear=0
shrinkage=0.1


Tree=91
num_leaves=15
num_cat=0
split_feature=1 4 4 0 3 2 4 4 1 3 3 2 1 3
split_gain=0.397553 0.875888 1.81008 0.629314 1.9585 4.75958 2.41709 3.13293 1.91868 1.93614 4.66772 4.23114 2.53424 4.92539
threshold=7.5000000000000009 0.70260605802460308 0.8378938783822194 4.5000000000000009 2.5000000000000004 2.5000000000000004 2.097024078987817 1.9974481022522739 5.5000000000000009 9.5000000000000018 7.5000000000000009 1.5000000000000002 6.5000000000000009 2.5000000000000004
decision_type=2 2 2 2 2 2 2 2 2 2 2 2 2 2
left_child=3 -2 -3 8 5 -5 7 -7 -1 10 12 -12 13 -10
right_child=1 2 -4 4 -6 6 -8 -9 9 -11 11 -13 -14 -15
leaf_value=0.00026876373970416797 -0.014976470034431527 0.021774466395858796 -0.0035434649371445083 0.0071382541585224592 0.0012280342509976032 -0.0094665341916153629 0.016015305221080783 -0.048065444082021715 0.011128437457583561 -0.00039945142173427017 0.027470979581658658 -0.013829318135718091 0.0041134297629863798 -0.006846109555518053
leaf_weight=19925 54 31 317 259 8088 476 35 22 180 3960 26 540 553 996
leaf_count=19925 54 31 317 259 8088 476 35 22 180 3960 26 540 553 996
internal_value=-2.75912e-11 -0.00312686 -0.00128813 3.58528e-05 0.000763308 -0.00398253 -0.00938644 -0.0111717 -0.000210893 -0.00173882 -0.00404988 -0.0119321 -0.00146957 -0.0040949
internal_weight=35462 402 348 35060 8880 792 533 498 26180 6255 2295 566 1729 1176
internal_count=35462 402 348 35060 8880 792 533 498 26180 6255 2295 566 1729 1176
is_linear=0
shrinkage=0.1


Tree=92
num_leaves=15
num_cat=0
split_feature=2 4 4 3 4 4 1 4 2 0 4 4 4 3
split_gain=0.380402 1.33315 2.56153 3.26698 1.49054 2.94631 5.93584 5.22788 1.58582 1.49285 1.41084 4.28407 2.24885 2.21577
threshold=1.5000000000000002 0.53749035943990042 0.49618725120762164 4.5000000000000009 0.8378938783822194 0.72430402736901034 6.5000000000000009 0.77889583902744974 3.5000000000000004 4.5000000000000009 1.1656012481144915 1.1668185953153702 1.1324149904445073 8.5000000000000018
decision_type=2 2 2 2 2 2 2 2 2 2 2 2 2 2
left_child=-1 2 3 -2 5 8 -7 -8 -3 -9 12 -12 -6 -14
right_child=1 4 -4 -5 10 6 7 9 -10 -11 11 -13 13 -15
leaf_value=-0.00042898083497817273 -0.015109866379357096 -0.0016387509797290288 0.030388584755724524 0.01180381555704103 0.0028204709003996835 -0.030987650958356358 -0.023662234481204959 0.0088293597102165229 0.025352849876103197 0.046185595825638463 -0.016413321826276521 0.00027411521498229392 0.0067471850174479183 0.043425393686629836
leaf_weight=13059 67 406 41 138 716 104 34 20 23 23 155 20608 40 28
leaf_count=13059 67 406 41 138 716 104 34 20 23 23 155 20608 40 28
internal_value=1.92289e-11 0.000250059 0.00757113 0.00300764 0.000168776 -0.00470589 -0.0154054 0.00564078 -0.000191649 0.0288106 0.000306779 0.00014954 0.00447099 0.02185
internal_weight=35462 22403 246 205 22157 610 181 77 429 43 21547 20763 784 68
internal_count=35462 22403 246 205 22157 610 181 77 429 43 21547 20763 784 68
is_linear=0
shrinkage=0.1


Tree=93
num_leaves=15
num_cat=0
split_feature=3 3 4 3 2 3 4 4 3 4 4 4 4 4
split_gain=0.368837 0.784399 0.657797 0.374233 1.25859 2.2107 2.98458 2.10195 2.62296 2.22033 1.67365 1.61558 1.37861 2.27721
threshold=25.500000000000004 28.500000000000004 1.7760091725588103 14.500000000000002 2.5000000000000004 18.500000000000004 1.4203597272865978 2.218371559643098 16.500000000000004 1.3171023867098464 1.4121934762757467 1.5247367806404934 1.3178840540912284 0.95670892398982288
decision_type=2 2 2 2 2 2 2 2 2 2 2 2 2 2
left_child=3 2 -2 -1 7 -6 -7 8 12 -10 -11 -8 13 -5
right_child=1 -3 -4 4 5 6 11 -9 9 10 -12 -13 -14 -15
leaf_value=-6.9577500338391461e-05 -0.020859720208682122 0.0075002257056810242 0.001545695269596763 -0.011550408447245983 -0.0065411624549794574 0.02535563453116961 -0.02342174577492255 -0.021444249991992757 -0.011662827403698532 0.016182157097736728 0.00031273126016703777 0.0030473570380642823 0.0058648545405900997 0.023985703457146887
leaf_weight=33096 38 27 20 22 442 57 27 35 144 74 652 158 570 100
leaf_count=33096 38 27 20 22 442 57 27 35 144 74 652 158 570 100
internal_value=-2.03428e-11 -0.0065794 -0.0131337 1.58083e-05 0.00125471 -0.00233454 0.00534862 0.00279199 0.00333506 -0.000319617 0.00193028 -0.000815701 0.00792981 0.0175776
internal_weight=35462 85 58 35377 2281 684 242 1597 1562 870 726 185 692 122
internal_count=35462 85 58 35377 2281 684 242 1597 1562 870 726 185 692 122
is_linear=0
shrinkage=0.1


Tree=94
num_leaves=15
num_cat=0
split_feature=4 4 0 4 0 4 4 3 3 1 4 3 3 4
split_gain=0.358262 4.79593 3.4478 2.42906 4.11721 3.04435 15.1088 3.61611 7.06099 3.14719 6.48959 3.21828 2.42449 4.20535
threshold=1.9898494909081585 1.9974481022522739 3.5000000000000004 1.9710783896544259 5.5000000000000009 1.9461001228791643 1.9496483931520718 9.5000000000000018 8.5000000000000018 5.5000000000000009 1.9672607374070148 10.500000000000002 5.5000000000000009 2.0273264317602298
decision_type=2 2 2 2 2 2 2 2 2 2 2 2 2 2
left_child=3 2 -2 5 -5 -1 -7 8 -8 10 -9 -11 13 -3
right_child=1 12 -4 4 -6 6 7 9 -10 11 -12 -13 -14 -15
leaf_value=-0.00014157101581253545 -0.02112794810285171 -0.015041813687842367 0.016313794512540843 -0.0067744130872446767 0.026878958058200387 0.06858559200489843 0.00048083586773677457 -0.0024493775242953597 -0.045737630471979318 0.029248511113823868 0.039421584714355688 -0.012780856341123581 0.0011342854574876299 -0.00033758241066192814
leaf_weight=28744 27 271 276 839 38 37 254 266 38 106 43 22 3812 689
leaf_count=28744 27 271 276 839 38 37 254 266 38 106 43 22 3812 689
internal_value=-2.13637e-12 0.000777758 0.0129774 -0.000129895 -0.00531623 2.42362e-05 0.00624612 0.00308211 -0.0055339 0.00883926 0.00337733 0.0220247 3.13713e-06 -0.00448846
internal_weight=35462 5075 303 30387 877 29510 766 729 292 437 309 128 4772 960
internal_count=35462 5075 303 30387 877 29510 766 729 292 437 309 128 4772 960
is_linear=0
shrinkage=0.1


Tree=95
num_leaves=15
num_cat=0
split_feature=2 3 3 4 2 2 4 4 4 0 1 0 1 1
split_gain=0.372178 1.15259 3.82534 3.65164 3.77456 2.66429 2.48822 2.00272 2.76283 1.94504 1.93822 1.69992 3.2036 2.59258
threshold=1.5000000000000002 10.500000000000002 9.5000000000000018 0.53749035943990042 2.5000000000000004 3.5000000000000004 1.9343934090643871 1.0145715730519445 1.1656012481144915 4.5000000000000009 5.5000000000000009 4.5000000000000009 5.5000000000000009 6.5000000000000009
decision_type=2 2 2 2 2 2 2 2 2 2 2 2 2 2
left_child=-1 2 -2 -4 6 -3 7 -5 -9 -6 -11 -10 -13 -14
right_child=1 5 3 4 9 -7 -8 8 11 10 -12 12 13 -15
leaf_value=-0.00042431838990328687 -0.00017583810162652208 -0.0017732109545726448 0.031034366314874051 -0.011778958477304285 0.0011086273648006041 0.012467169401626212 0.010835805327463669 0.031522436057113939 0.0020367615127245167 0.0023751996413249382 -0.012598750939910381 0.0017953717302161215 0.024071134693388428 -0.0046654889407830363
leaf_weight=13059 14415 3870 47 83 766 136 577 36 1613 130 258 272 161 39
leaf_count=13059 14415 3870 47 83 766 136 577 36 1613 130 258 272 161 39
internal_value=1.15847e-11 0.000247341 0.00058205 0.00332563 0.00299468 -0.00128976 0.00498977 0.0034593 0.00405561 -0.00181325 -0.00758171 0.00358136 0.00885983 0.0184675
internal_weight=35462 22403 18397 3982 3935 4006 2781 2204 2121 1154 388 2085 472 200
internal_count=35462 22403 18397 3982 3935 4006 2781 2204 2121 1154 388 2085 472 200
is_linear=0
shrinkage=0.1


Tree=96
num_leaves=15
num_cat=0
split_feature=1 4 0 2 2 4 4 4 4 3 2 0 3 3
split_gain=0.349548 0.787322 0.903252 1.67414 0.726437 1.13561 0.634535 1.50416 1.0535 0.922413 1.1769 0.466273 1.62083 4.07059
threshold=7.5000000000000009 0.44361671261748026 4.5000000000000009 2.5000000000000004 1.5000000000000002 1.551024171510399 0.72430402736901034 0.9435491449707526 1.1324149904445073 4.5000000000000009 1.5000000000000002 4.5000000000000009 7.5000000000000009 9.5000000000000018
decision_type=2 2 2 2 2 2 2 2 2 2 2 2 2 2
left_child=11 -2 4 6 5 -3 -4 -8 -9 -10 -11 -1 -13 -14
right_child=1 2 3 -5 -6 -7 7 8 9 10 -12 12 13 -15
leaf_value=-0.00017877235782739239 -0.021782202415523075 0.02600395904883044 -0.023516982852521798 0.012693438275406758 -0.0080311237749728284 -0.0018433584624694454 0.010295181100567182 -0.031182085092933406 0.0094982072848964622 -0.005893973223690954 -0.028605566928484316 -0.0010902519867055716 0.0071701572152095983 0.00036466434590383835
leaf_weight=26180 21 32 23 48 22 27 45 21 27 107 29 3316 1094 4470
leaf_count=26180 21 32 23 48 22 27 45 21 27 107 29 3316 1094 4470
internal_value=-1.25173e-11 -0.00293201 -0.00189302 -0.00442304 0.00747742 0.0132603 -0.00768332 -0.00609304 -0.010101 -0.00738506 -0.0107369 3.36185e-05 0.000659789 0.00170277
internal_weight=35462 402 381 300 81 59 252 229 184 163 136 35060 8880 5564
internal_count=35462 402 381 300 81 59 252 229 184 163 136 35060 8880 5564
is_linear=0
shrinkage=0.1


Tree=97
num_leaves=15
num_cat=0
split_feature=3 4 4 4 4 3 3 2 1 1 4 4 4 1
split_gain=0.315223 0.93073 2.52084 2.42219 1.14281 1.08025 0.905702 2.08214 4.9778 2.52311 2.51327 1.26869 1.57479 0.785022
threshold=20.500000000000004 1.9223890940055666 1.8542842352070943 2.0810909005424088 1.7546545407562115 22.500000000000004 19.500000000000004 1.5000000000000002 5.5000000000000009 5.5000000000000009 1.6275748138105273 1.9433010777068667 2.0153422310300546 5.5000000000000009
decision_type=2 2 2 2 2 2 2 2 2 2 2 2 2 2
left_child=6 2 4 -3 5 -2 -1 8 11 -9 -10 -8 -13 -7
right_child=1 3 -4 -5 -6 13 7 9 10 -11 -12 12 -14 -15
leaf_value=-3.4661469369916475e-05 -0.018898992722647057 0.023307723699039537 -0.03459832740050775 -0.019010602672573269 0.014333051836916378 -0.0055978994715310962 0.0018367179517593723 0.0062938837956688885 -0.007284772314312982 0.033255753700816355 -0.04436026798053222 0.036406330557333104 0.0028460900331365654 0.010376231665057797
leaf_weight=34602 45 38 27 21 35 115 184 180 41 43 33 27 29 42
leaf_count=34602 45 38 27 21 35 115 184 180 41 43 33 27 29 42
internal_value=2.53006e-11 -0.00310972 -0.00564738 0.00824527 -0.00234918 -0.00523966 2.85847e-05 0.0041039 -0.00114363 0.0114928 -0.0238184 0.00584777 0.0190269 -0.00132457
internal_weight=35462 323 264 59 237 202 35139 537 314 223 74 240 56 157
internal_count=35462 323 264 59 237 202 35139 537 314 223 74 240 56 157
is_linear=0
shrinkage=0.1


Tree=98
num_leaves=15
num_cat=0
split_feature=4 1 4 4 3 4 4 4 4 2 0 4 0 4
split_gain=0.297935 0.941747 0.390254 3.76545 3.80277 2.12769 1.67537 2.93294 1.84533 1.50107 1.70384 1.30885 1.35025 2.42564
threshold=1.0000000180025095e-35 6.5000000000000009 1.1187307799181914 1.0586262325114151 5.5000000000000009 1.1324149904445073 1.1656012481144915 1.1668185953153702 1.1919010121222409 1.5000000000000002 4.5000000000000009 1.234824441073137 4.5000000000000009 1.2209092028957025
decision_type=2 2 2 2 2 2 2 2 2 2 2 2 2 2
left_child=1 -1 3 -2 -5 -4 -7 -8 -9 -6 -11 12 -10 -14
right_child=2 -3 5 4 9 6 7 8 11 10 -12 -13 13 -15
leaf_value=-0.017998409433556455 0.00031205330010873351 0.0057369283400475982 -0.010467493129247914 -0.015620200708508492 0.013364465994403718 0.01253422902158971 -0.011142013914134543 0.010669186220588421 -0.0053117105624889702 0.021937080211336574 0.057025023847818379 8.8990777857334873e-05 0.014117733716372061 -0.0060236495368552346
leaf_weight=35 2405 32 196 27 47 106 237 162 849 31 25 31069 110 131
leaf_count=35 2405 32 196 27 47 106 237 162 849 31 25 31069 110 131
internal_value=1.27188e-11 -0.00666213 1.26109e-05 0.00120811 0.0177851 -7.96161e-05 -1.72837e-05 -5.81481e-05 2.31265e-05 0.0265418 0.0376013 -3.05027e-05 -0.0034365 0.00316951
internal_weight=35462 67 35395 2535 130 32860 32664 32558 32321 103 56 32159 1090 241
internal_count=35462 67 35395 2535 130 32860 32664 32558 32321 103 56 32159 1090 241
is_linear=0
shrinkage=0.1


Tree=99
num_leaves=15
num_cat=0
split_feature=1 4 0 2 2 4 4 4 4 3 2 4 4 4
split_gain=0.288974 0.65735 0.737559 1.36343 0.582834 0.920109 0.513812 1.21878 0.86549 0.747944 0.967345 0.418022 0.694877 0.39375
threshold=7.5000000000000009 0.44361671261748026 4.5000000000000009 2.5000000000000004 1.5000000000000002 1.551024171510399 0.72430402736901034 0.9435491449707526 1.1324149904445073 4.5000000000000009 1.5000000000000002 1.7363640161105529 1.5906327684769894 0.85296558803602185
decision_type=2 2 2 2 2 2 2 2 2 2 2 2 2 2
left_child=-1 -2 4 6 5 -3 -4 13 -9 -10 11 12 -11 -8
right_child=1 2 3 -5 -6 -7 7 8 9 10 -12 -13 -14 -15
leaf_value=3.0567196359019228e-05 -0.019890048496779944 0.023401762384128236 -0.021193025253065254 0.011443953403795604 -0.0071403943002223969 -0.0016644548210832809 0.000871326968073845 -0.028229329478926958 0.0085429530107864627 -0.0072482399232685572 -0.025878216223470099 -0.014065400386850039 0.014428231319678681 0.019696169160306455
leaf_weight=35060 21 32 23 48 22 27 25 21 27 50 29 36 21 20
leaf_count=35060 21 32 23 48 22 27 25 21 27 50 29 36 21 20
internal_value=2.98003e-11 -0.00266588 -0.00171652 -0.00400274 0.00675096 0.0119308 -0.00694496 -0.00551394 -0.00912173 -0.00666001 -0.00967825 -0.0052876 -0.000836889 0.00923792
internal_weight=35462 402 381 300 81 59 252 229 184 163 136 107 71 45
internal_count=35462 402 381 300 81 59 252 229 184 163 136 107 71 45
is_linear=0
shrinkage=0.1


end of trees

feature_importances:
shrunkHistory=577
yardsToGo=258
down=215
blockerCount=186
rusherCount=164

parameters:
[boosting: gbdt]
[objective: regression]
[metric: l2]
[tree_learner: serial]
[device_type: cpu]
[data_sample_strategy: bagging]
[data: ]
[valid: ]
[num_iterations: 100]
[learning_rate: 0.1]
[num_leaves: 15]
[num_threads: 0]
[seed: 0]
[deterministic: 0]
[force_col_wise: 0]
[force_row_wise: 0]
[histogram_pool_size: -1]
[max_depth: -1]
[min_data_in_leaf: 20]
[min_sum_hessian_in_leaf: 0.001]
[bagging_fraction: 1]
[pos_bagging_fraction: 1]
[neg_bagging_fraction: 1]
[bagging_freq: 0]
[bagging_seed: 3]
[bagging_by_query: 0]
[feature_fraction: 1]
[feature_fraction_bynode: 1]
[feature_fraction_seed: 2]
[extra_trees: 0]
[extra_seed: 6]
[early_stopping_round: 0]
[early_stopping_min_delta: 0]
[first_metric_only: 0]
[max_delta_step: 0]
[lambda_l1: 0]
[lambda_l2: 0]
[linear_lambda: 0]
[min_gain_to_split: 0]
[drop_rate: 0.1]
[max_drop: 50]
[skip_drop: 0.5]
[xgboost_dart_mode: 0]
[uniform_drop: 0]
[drop_seed: 4]
[top_rate: 0.2]
[other_rate: 0.1]
[min_data_per_group: 100]
[max_cat_threshold: 32]
[cat_l2: 10]
[cat_smooth: 10]
[max_cat_to_onehot: 4]
[top_k: 20]
[monotone_constraints: ]
[monotone_constraints_method: basic]
[monotone_penalty: 0]
[feature_contri: ]
[forcedsplits_filename: ]
[refit_decay_rate: 0.9]
[cegb_tradeoff: 1]
[cegb_penalty_split: 0]
[cegb_penalty_feature_lazy: ]
[cegb_penalty_feature_coupled: ]
[path_smooth: 0]
[interaction_constraints: ]
[verbosity: -1]
[saved_feature_importance_type: 0]
[use_quantized_grad: 0]
[num_grad_quant_bins: 4]
[quant_train_renew_leaf: 0]
[stochastic_rounding: 1]
[linear_tree: 0]
[max_bin: 255]
[max_bin_by_feature: ]
[min_data_in_bin: 3]
[bin_construct_sample_cnt: 200000]
[data_random_seed: 1]
[is_enable_sparse: 1]
[enable_bundle: 1]
[use_missing: 1]
[zero_as_missing: 0]
[feature_pre_filter: 1]
[pre_partition: 0]
[two_round: 0]
[header: 0]
[label_column: ]
[weight_column: ]
[group_column: ]
[ignore_column: ]
[categorical_feature: ]
[forcedbins_filename: ]
[precise_float_parser: 0]
[parser_config_file: ]
[objective_seed: 5]
[num_class: 1]
[is_unbalance: 0]
[scale_pos_weight: 1]
[sigmoid: 1]
[boost_from_average: 1]
[reg_sqrt: 0]
[alpha: 0.9]
[fair_c: 1]
[poisson_max_delta_step: 0.7]
[tweedie_variance_power: 1.5]
[lambdarank_truncation_level: 30]
[lambdarank_norm: 1]
[label_gain: ]
[lambdarank_position_bias_regularization: 0]
[eval_at: ]
[multi_error_top_k: 1]
[auc_mu_weights: ]
[num_machines: 1]
[local_listen_port: 12400]
[time_out: 120]
[machine_list_filename: ]
[machines: ]
[gpu_platform_id: -1]
[gpu_device_id: -1]
[gpu_device_id_list: ]
[gpu_use_dp: 0]
[num_gpu: 1]

end of parameters

pandas_categorical:null
