tree
version=v4
num_class=1
num_tree_per_iteration=1
label_index=0
max_feature_idx=5
objective=binary sigmoid:1
feature_names=minRusherToQbDist nRushersWithinFreeYd pocketArea elapsed nRushers nBlockers
feature_infos=[0:16.987645510782233] [0:6] [1.9360999999998967:252.87995000000001] [0:10.300000000000001] [1:7] [5:9]
tree_sizes=1736 1746 1754 1753 1741 1756 1758 1754 1751 1759 1744 1741 1754 1763 1771 1760 1764 1771 1770 1756 1766 1773 1757 1778 1756 1772 1786 1778 1786 1775 1758 1767 1788 1749 1769 1770 1761 1759 1777 1777 1758 1756 1759 1772 1756 1784 1773 1759 1766 1764 1772 1764 1732 1739 1762 1766 1744 1752 1734 1736 1770 1776 1727 1750 1716 1740 1750 1758 1737 1727 1745 1765 1728 1758 1739 1753 1737 1739 1747 1729 1744 1736 1715 1729 1760 1731 1690 1733 1757 1744 1747 1741 1754 1730 1764 1745 1702 1746 1711 1743

Tree=0
num_leaves=15
num_cat=0
split_feature=0 3 4 0 2 0 0 2 4 4 0 3 0 3
split_gain=17289.9 4335.03 2357.32 1689.97 679.608 473.767 395.085 333.939 325.944 227.892 227.704 191.546 188.237 172.145
threshold=1.9163767896736796 4.0500000000000016 4.5000000000000009 1.2412493470632737 20.316624999999963 3.377336228449872 2.4889154261215301 17.395074999999967 3.5000000000000004 6.5000000000000009 6.6925854486470042 5.1500000000000012 0.93037626796904149 4.6500000000000012
decision_type=2 2 2 2 2 2 2 2 2 2 2 2 2 2
left_child=3 2 6 12 -5 13 7 -2 -8 -4 -10 -7 -1 -3
right_child=1 5 9 4 -6 11 8 -9 10 -11 -12 -13 -14 -15
leaf_value=-0.076143990578970477 -0.32007030737584524 -0.1924586826019406 -0.28703711281196892 -0.22581933216971511 -0.12588178228082919 -0.26082949170070407 -0.37328198829368814 -0.24068519126091648 -0.3357098026388331 -0.20085081458582382 -0.39582353810832166 -0.19196792795102774 -0.12633778753494018 -0.11642233951761882
leaf_weight=2089.9969226717949 2297.3340062499046 542.54833544790745 10938.987168967724 2282.6639295816422 969.44756649434566 998.78771983087063 2662.8634165674448 688.76009957492352 31959.495525643229 315.65114964544773 642.79385934770107 678.2465446293354 1162.848077237606 659.9089487940073
leaf_count=8548 9396 2219 44740 9336 3965 4085 10891 2817 130713 1291 2629 2774 4756 2699
internal_value=-0.298817 -0.317911 -0.324849 -0.145052 -0.196028 -0.198633 -0.336685 -0.30176 -0.339643 -0.28462 -0.336895 -0.23298 -0.0940876 -0.15073
internal_weight=58890.3 52385.4 49505.9 6504.96 3252.11 2879.49 38251.2 2986.09 35265.2 11254.6 32602.3 1677.03 3252.84 1202.46
internal_count=240859 214254 202477 26605 13301 11777 156446 12213 144233 46031 133342 6859 13304 4918
is_linear=0
shrinkage=1


Tree=1
num_leaves=15
num_cat=0
split_feature=0 3 4 0 2 0 0 4 2 3 0 4 3 2
split_gain=13786.1 3499.32 1931.33 1311.12 544.649 387.342 290.877 269.429 254.254 203.544 186.831 183.342 161.127 156.05
threshold=1.9163767896736796 3.9500000000000006 4.5000000000000009 1.2412493470632737 23.575925000000044 3.1541242841714392 2.4889154261215301 3.5000000000000004 12.61797500000006 4.9500000000000011 6.6925854486470042 6.5000000000000009 4.5500000000000016 9.8327750000000709
decision_type=2 2 2 2 2 2 2 2 2 2 2 2 2 2
left_child=3 2 6 -1 -5 12 8 -8 -2 -7 13 -4 -3 -9
right_child=1 5 11 4 -6 9 7 10 -10 -11 -12 -13 -14 -15
leaf_value=0.18039012321821238 -0.030810577553508779 0.089718002155825149 0.01036910307278612 0.068688298880595258 0.16443767898021674 0.028658846494972447 -0.068110580119865191 -0.064148368148586807 0.028425051633057558 0.092892865822721132 -0.089074168448344426 0.08724846235766992 0.16392224985562318 -0.032023344871629368
leaf_weight=3318.1735074520111 1626.2430969774723 539.31897550821304 10920.759825468063 2513.9151508659124 777.91416567564011 1092.5186407864094 2609.7781516760588 1592.2160021960735 1306.9362446516752 899.4680252969265 619.90040823817253 319.26925554871559 639.73364907503128 30045.237504646182
leaf_count=13304 6673 2184 44589 10177 3124 4448 10807 6550 5333 3634 2578 1290 2569 123599
internal_value=-3.12953e-05 -0.0172568 -0.0238399 0.13603 0.0913155 0.084552 -0.0346614 -0.0372057 -0.00441697 0.0576633 -0.0347054 0.0125528 0.12998 -0.0336401
internal_weight=58821.4 52211.4 49040.3 6610 3291.83 3171.04 37800.3 34867.1 2933.18 1991.99 32257.4 11240 1179.05 31637.5
internal_count=240859 214254 201419 26605 13301 12835 155540 143534 12006 8082 132727 45879 4753 130149
is_linear=0
shrinkage=0.1


Tree=2
num_leaves=15
num_cat=0
split_feature=0 3 4 0 2 0 0 4 2 2 0 0 2 3
split_gain=11169.1 2949.01 1601.9 921.277 470.402 366.279 344.602 234.431 229.517 174.65 282.776 168.403 160.159 151.947
threshold=1.8337120820892234 4.1500000000000012 4.5000000000000009 1.0630145812734695 19.583699999999968 2.3724459951703829 4.4072894164100465 3.5000000000000004 12.566724999999851 15.420600000000038 2.8561687625208734 6.9167694684442855 37.269950000000001 3.5500000000000003
decision_type=2 2 2 2 2 2 2 2 2 2 2 2 2 2
left_child=3 2 5 -1 -5 8 12 -7 -2 -4 -11 13 -3 -9
right_child=1 6 9 4 -6 7 -8 11 -10 10 -12 -13 -14 -15
leaf_value=0.17252935615153719 -0.022027094254032892 0.077885019066338018 -0.0028091696876389764 0.068764634948362088 0.14625223403347787 -0.061556360796754188 0.039251852340523752 -0.031063349599817894 0.038064357901564566 0.069918288988517194 0.013695005222899473 -0.088640873486838662 0.13903773326328023 0.0077142416064187097
leaf_weight=2606.357553601265 1352.128940820694 754.36781786382198 4598.8118927776814 2383.2107398062944 1167.1011113077402 2660.1879127621651 1011.8412605375051 31535.004877850413 1199.4423570036888 1058.2258397936821 5784.0734044164419 494.12537850439548 990.73532098531723 1043.9384744167328
leaf_count=10450 5561 3031 18741 9582 4672 11158 4079 130481 4867 4307 23568 2092 3976 4294
internal_value=-4.19477e-05 -0.0149897 -0.0205713 0.127381 0.0942373 -0.030383 0.0856819 -0.0329967 0.00622069 0.0122613 0.0223905 -0.0306996 0.112603 -0.0298208
internal_weight=58639.6 52482.9 49725.9 6156.67 3550.31 38284.8 2756.94 35733.3 2551.57 11441.1 6842.3 33073.1 1745.1 32578.9
internal_count=240859 216155 205069 24704 14254 158453 11086 148025 10428 46616 27875 136867 7007 134775
is_linear=0
shrinkage=0.1


Tree=3
num_leaves=15
num_cat=0
split_feature=0 3 4 0 2 0 0 4 4 3 4 2 0 2
split_gain=9127.21 2446.7 1318.08 721.531 361.719 309.685 297.268 189.238 164.073 175.745 149.169 140.402 214.598 248.875
threshold=1.7964965897272194 3.9500000000000006 4.5000000000000009 1.0630145812734695 17.936975000000107 3.1541242841714392 2.1870070854107992 3.5000000000000004 3.5000000000000004 5.2500000000000009 6.5000000000000009 10.000400000000072 2.9043243607748881 17.798900000000035
decision_type=2 2 2 2 2 2 2 2 2 2 2 2 2 2
left_child=3 2 6 -1 -5 -3 -2 -8 -7 -10 -4 -9 13 -13
right_child=1 5 10 4 -6 8 7 11 9 -11 -12 12 -14 -15
leaf_value=0.1578306364627925 0.014581957776458161 0.10812366940557137 0.0089012153321188867 0.061943145079314324 0.13025435672301541 -0.024211167158712032 -0.055543567256559657 -0.051542446451160455 0.034873051731140976 0.10304536143816856 0.077462156260507009 -0.020931251138389693 -0.02851813408924992 0.042859948814782688
leaf_weight=2566.0397743284702 1578.9998430460691 1295.9152693748474 11110.895781457424 2092.8928603380919 1231.1303293406963 289.59794653952122 2635.9331396967173 2303.4300159811974 1157.0736951231956 561.73886585235596 326.6697645932436 1787.6628720462322 28518.13123370707 929.62982553243637
leaf_count=10450 6437 5209 45223 8391 4959 1166 11211 9616 4667 2249 1310 7400 118749 3822
internal_value=-4.14247e-05 -0.0132853 -0.0188806 0.117995 0.0872438 0.0700121 -0.0278904 -0.0297442 0.0454209 0.057153 0.0108594 -0.0277166 -0.0259596 0.000892751
internal_weight=58385.7 52495.7 49191.4 5890.06 3324.02 3304.33 37753.8 36174.8 2008.41 1718.81 11437.6 33538.9 31235.4 2717.29
internal_count=240859 217059 203768 23800 13350 13291 157235 150798 8082 6916 46533 139587 129971 11222
is_linear=0
shrinkage=0.1


Tree=4
num_leaves=15
num_cat=0
split_feature=0 3 4 0 0 0 3 2 4 0 4 0 2 2
split_gain=7538.83 2148.96 1109.46 447.053 345.365 282.051 257.869 234.178 169.524 152.772 139.399 138.376 133.924 133.905
threshold=1.6617159805454171 3.7500000000000004 4.5000000000000009 0.99641858642364789 2.7853904573685893 2.1870070854107992 4.5500000000000016 21.318974999999856 2.5000000000000004 2.3216588896735009 2.5000000000000004 6.9167694684442855 24.292025000000084 12.039174999999789
decision_type=2 2 2 2 2 2 2 2 2 2 2 2 2 2
left_child=3 2 5 -1 -3 -2 -6 -5 -7 12 -8 -11 -4 -10
right_child=1 4 9 7 6 8 10 -9 13 11 -12 -13 -14 -15
leaf_value=0.14924029907065736 0.012196865778865043 0.099180530191717908 0.030426615546236768 0.070858910782746004 0.0042438011642851733 -0.15724548251363968 -0.19007428508298094 0.1336998823210615 -0.042044962605777031 0.0074914126666060779 0.070033504469647553 -0.12945169428155442 0.1259574752389172 -0.024501767678180707
leaf_weight=2265.7110597491264 1896.2115933746099 1382.1243651807308 846.58452990651131 1984.5923310816288 1242.2337022721767 100.24498414993286 20.9046960324049 845.71290212869644 5079.9602389484644 10415.627154663205 1432.5491628646851 74.313304916024208 177.51912389695644 30317.203756541014
leaf_count=9488 7695 5599 3424 7984 5062 433 84 3470 21385 42340 5758 302 718 127117
internal_value=-3.41406e-05 -0.0112071 -0.0170223 0.116136 0.0585374 -0.0253799 0.037699 0.0896362 -0.0273872 0.0101204 0.0662924 0.00652127 0.046986 -0.0270194
internal_weight=58081.5 52985.5 48907.7 5096.02 4077.81 37393.6 2695.69 2830.31 35497.4 11514 1453.45 10489.9 1024.1 35397.2
internal_count=240859 219917 203414 20942 16503 156630 10904 11454 148935 46784 5842 42642 4142 148502
is_linear=0
shrinkage=0.1


Tree=5
num_leaves=15
num_cat=0
split_feature=0 3 4 0 0 0 2 2 4 0 0 2 0 3
split_gain=6253.83 1813.53 899.661 381.832 364.4 265.697 249.331 216.274 162.442 158.762 150.804 124.594 124.799 182.372
threshold=1.6152863516553733 4.2500000000000009 4.5000000000000009 2.4889154261215301 0.93037626796904149 4.2023683797028015 16.098549999999936 20.797625000000014 3.5000000000000004 2.2703523955544864 6.6925854486470042 14.053200000000006 4.1165823202115108 2.1500000000000008
decision_type=2 2 2 2 2 2 2 2 2 2 2 2 2 2
left_child=4 2 3 6 -1 -3 -2 -6 -5 -4 -10 -11 -13 -14
right_child=1 5 9 8 7 -7 -8 -9 10 11 -12 12 13 -15
leaf_value=0.1428470688938259 -0.0086056694786501697 0.09591941149832113 0.047860899764700524 -0.049307855864239636 0.067862518634585089 0.031026571798271244 0.045501578130762041 0.12797321073251713 -0.02204272011574375 -0.010964816695442999 -0.071725475330135638 0.030602612415042075 0.011684002961766159 -0.042155540252949812
leaf_weight=1964.7546932697296 2888.5853629559278 1622.1119077503681 1014.9157310575247 2535.9022491872311 1918.229248046875 1032.5895577669144 1207.7450514733791 870.02891421318054 31302.805335476995 2964.5677714943886 623.10405820608139 2680.1802545040846 4394.7299556583166 734.26881746947765
leaf_count=8548 11886 6616 4099 11039 7784 4145 4880 3666 131718 12060 2723 10863 17846 2986
internal_value=-2.33035e-05 -0.00987749 -0.0141251 -0.0215165 0.109862 0.0706783 0.00734709 0.086619 -0.0249474 0.0100507 -0.0230124 0.00648884 0.0131147 0.00397632
internal_weight=57754.5 53001.5 50346.8 38558.1 4753.01 2654.7 4096.33 2788.26 34461.8 11788.7 31925.9 10773.7 7809.18 5129
internal_count=240859 220861 210100 162246 19998 10761 16766 11450 145480 47854 134441 43755 31695 20832
is_linear=0
shrinkage=0.1


Tree=6
num_leaves=15
num_cat=0
split_feature=0 3 4 0 0 3 0 3 4 3 4 5 2 0
split_gain=5226.5 1568.53 748.224 318.699 294.686 214.055 211.757 168.446 142.272 136.727 126.912 126.614 136.493 149.798
threshold=1.5620659396273442 3.6500000000000008 4.5000000000000009 2.7853904573685893 0.93037626796904149 4.8500000000000014 2.1870070854107992 3.9500000000000006 2.5000000000000004 4.6500000000000012 6.5000000000000009 6.5000000000000009 10.321474999999994 3.0771740282278484
decision_type=2 2 2 2 2 2 2 2 2 2 2 2 2 2
left_child=4 2 6 9 -1 -5 -2 -6 -8 -3 -4 12 -10 -14
right_child=1 3 10 5 7 -7 8 -9 11 -11 -12 -13 13 -15
leaf_value=0.13482522020148791 0.010060045764472786 0.062377501745514742 0.0064324404682334626 0.005975520230390937 0.068001456138038319 0.061876155136778646 -0.14657914948322229 0.12887990682855452 -0.043632293672676563 0.12361549675237163 0.069035407294010726 -0.045362214021442748 0.0022973188359739802 -0.021344461443406446
leaf_weight=1877.9649763703346 2082.3332876712084 1111.5913486927748 11226.373547643423 1783.7246104776859 1914.6983748227358 1112.0661742091179 92.565602958202362 595.96697093546391 2432.4691362977028 542.55086958408356 333.44626951217651 2253.1565845608711 2974.5553314685822 27071.566498667002
leaf_count=8548 8440 4530 45565 7296 7926 4508 427 2555 10435 2294 1335 9541 12477 114982
internal_value=-1.11765e-05 -0.00869258 -0.0139627 0.0474458 0.104864 0.027443 -0.0209165 0.0824524 -0.0227687 0.0824633 0.00823824 -0.0224387 -0.0208485 -0.0190039
internal_weight=57405 53016.4 48466.5 4549.93 4388.63 2895.79 36906.6 2510.67 34824.3 1654.14 11559.8 34731.7 32478.6 30046.1
internal_count=240859 221830 203202 18628 19029 11804 156302 10481 147862 6824 46900 147435 137894 127459
is_linear=0
shrinkage=0.1


Tree=7
num_leaves=15
num_cat=0
split_feature=0 3 0 4 2 0 4 5 2 0 0 2 2 0
split_gain=4377.02 1090.71 630.194 573.211 276.043 184.525 150.087 148.28 213.318 558.305 132.629 123.561 119.761 166.727
threshold=1.9163767896736796 4.3500000000000005 1.1857908633281502 4.5000000000000009 14.753125000000013 5.1053893093475295 2.5000000000000004 6.5000000000000009 17.139475000000036 4.0304776390693613 5.8189775734230178 30.421124999999908 15.078150000000052 3.4279148180781847
decision_type=2 2 2 2 2 2 2 2 2 2 2 2 2 2
left_child=2 3 -1 6 -4 -3 -2 8 -8 11 -11 -10 -5 -14
right_child=1 5 4 12 -6 -7 7 -9 9 10 -12 -13 13 -15
leaf_value=0.11655987340936375 -0.14280171289245674 0.076797066452317944 0.024573505848659402 -0.0064973564189138413 0.081154604507780823 0.012479748299738429 -0.022497234440008517 -0.042230886935218981 0.019653562111653495 -0.013327033261949875 -0.043990019945600242 0.071039747933744998 0.041548433672474884 0.0060852767534458662
leaf_weight=2658.5271704643965 97.242533653974533 1604.5821344703436 1792.4915024340153 4231.8539820760489 1661.4784781038761 617.81826233863831 22533.73304592073 2440.4942506700754 2896.9008506834507 6979.7080754488707 1767.927291482687 558.08615252375603 1750.6645321696997 5461.5364270061255
leaf_count=12372 469 6668 7220 17201 7013 2485 96029 10407 12139 29709 7642 2308 7055 22142
internal_value=1.21558e-06 -0.00959339 0.0799611 -0.0127187 0.051791 0.0589171 -0.018729 -0.0184045 -0.0167305 -0.00608142 -0.0195241 0.027954 0.0068574 0.0146935
internal_weight=57053 50940.5 6112.5 48718.1 3453.97 2222.4 37274.1 37176.8 34736.4 12202.6 8747.64 3454.99 11444.1 7212.2
internal_count=240859 214254 26605 205101 14233 9153 158703 158234 147827 51798 37351 14447 46398 29197
is_linear=0
shrinkage=0.1


Tree=8
num_leaves=15
num_cat=0
split_feature=0 3 4 0 0 2 0 3 4 0 4 0 2 0
split_gain=3710.8 1074.63 498.473 281.157 230.588 160.493 159.372 152.063 123.223 116.385 114.821 112.588 116.532 160.38
threshold=1.5620659396273442 3.7500000000000004 4.5000000000000009 0.93037626796904149 3.377336228449872 24.562799999999985 2.347701003109214 4.8500000000000014 3.5000000000000004 7.8345357202275361 2.5000000000000004 6.9167694684442855 15.420600000000038 2.6717222909576503
decision_type=2 2 2 2 2 2 2 2 2 2 2 2 2 2
left_child=3 2 6 -1 7 -5 -2 -3 -8 -10 -6 12 -4 -14
right_child=1 4 11 5 10 -7 8 -9 9 -11 -12 -13 13 -15
leaf_value=0.12264090212859356 0.0051723358563542689 0.047904100503512834 -0.0045049943995834575 0.055327739056337449 -0.1767941480795493 0.11620227918026485 -0.040757296125210528 0.10753634045196908 -0.016819866648738795 -0.097816439551622308 0.021595607860151494 -0.11746404563389852 0.054437507675355129 0.009795817101891105
leaf_weight=1697.5896974802017 2980.6397144943476 1388.5248612463474 4747.3413447737694 1853.6819830238819 29.593267098069191 565.13407820463181 2406.3733956366777 617.92315155267715 31291.024011775851 178.41527545452118 2055.2847167998552 72.522548705339432 932.27628670632839 5883.791136354208
leaf_count=8548 12204 5746 19295 7842 122 2639 10820 2733 133841 823 8371 302 3767 23806
internal_value=1.05973e-05 -0.00714714 -0.0112995 0.0914448 0.0420691 0.0695505 -0.0169963 0.066269 -0.0189469 -0.0172791 0.0187796 0.00674478 0.00752378 0.0159017
internal_weight=56700.1 52583.7 48492.4 4116.41 4091.33 2418.82 36856.5 2006.45 33875.8 31469.4 2084.88 11635.9 11563.4 6816.07
internal_count=240859 221830 204858 19029 16972 10481 157688 8479 145484 134664 8493 47170 46868 27573
is_linear=0
shrinkage=0.1


Tree=9
num_leaves=15
num_cat=0
split_feature=0 3 4 0 0 2 0 2 3 4 0 0 2 5
split_gain=3121.67 892.673 409.872 273.052 215.019 232.696 176.84 147.373 138.009 123.142 108.493 102.484 102.093 128.906
threshold=1.5620659396273442 4.3500000000000005 4.5000000000000009 0.93037626796904149 2.6272894756847873 16.896099999999993 3.5762829865657957 24.034625000000123 1.5500000000000003 2.5000000000000004 2.1260761980700549 6.9167694684442855 12.039174999999789 6.5000000000000009
decision_type=2 2 2 2 2 2 2 2 2 2 2 2 2 2
left_child=3 2 4 -1 5 -2 -3 -5 -7 -6 -4 12 -11 -14
right_child=1 6 10 7 9 8 -8 -9 -10 11 -12 -13 13 -15
leaf_value=0.11739868613783606 -0.0082280772702360873 0.082906155868983367 0.042967191833396368 0.050107080102405145 -0.13508779705212823 -0.044959521580620339 0.02801312399551787 0.10885926533829143 0.051368294312360001 -0.032127627065410835 0.0043857884582504695 -0.061176824744243213 -0.012557333923949086 -0.039936501732656449
leaf_weight=1601.0608784556389 3797.9229549467564 1102.0982091277838 780.03611008822918 1812.4446629583836 88.56027227640152 169.40272982418537 1255.3637364208698 558.50643548369408 1218.8615081906319 3620.7845554947853 11110.541837647557 517.09566456079483 26882.565111100674 1837.1461078673601
leaf_count=8548 15849 4888 3182 7751 465 692 5090 2730 4990 15808 45030 2395 115471 7970
internal_value=2.19462e-05 -0.0064593 -0.0092933 0.0854925 -0.014348 0.0045785 0.0536753 0.0639469 0.0396139 -0.0173273 0.00691677 -0.0170099 -0.0163037 -0.0143087
internal_weight=56352.4 52380.4 50022.9 3972.01 38132.3 5186.19 2357.46 2370.95 1388.26 32946.2 11890.6 32857.6 32340.5 28719.7
internal_count=240859 221830 211852 19029 163640 21531 9978 10481 5682 142109 48212 141644 139249 123441
is_linear=0
shrinkage=0.1


Tree=10
num_leaves=15
num_cat=0
split_feature=0 3 4 0 0 3 3 5 2 4 4 4 0 3
split_gain=2630.58 783.531 339.365 238.761 216.91 138.114 130.811 122.613 117.309 113.974 107.718 103.26 93.1588 92.6184
threshold=1.5116216457830973 3.6500000000000008 4.5000000000000009 0.78803552197660587 2.7853904573685893 5.2500000000000009 4.0500000000000016 5.5000000000000009 51.683200000000063 3.5000000000000004 3.5000000000000004 6.5000000000000009 7.8345357202275361 4.7500000000000009
decision_type=2 2 2 2 2 2 2 2 2 2 2 2 2 2
left_child=3 2 10 -1 13 7 -5 9 -7 -6 -2 -4 -12 -3
right_child=1 4 11 6 5 8 -8 -9 -10 -11 12 -13 -14 -15
leaf_value=0.1196825320574261 -0.034336232823309332 0.048689323934566146 0.0038567130459160682 0.052665788685747117 -0.046747206602281099 0.0051057682833250996 0.10911236749048199 -0.02818647825845216 0.086801898799761537 0.034325809772470628 -0.012323632157957806 0.060273447413518755 -0.088649765764605357 0.10197536178706386
leaf_weight=1172.1793006360531 2465.5288970768452 1174.8545431345701 11286.221880823374 1915.6604870855808 203.47499948740005 288.12158016860485 522.54042887687683 737.4723048210144 450.71260070800781 1173.2172318994999 33675.805901527405 334.02884650230408 160.67351411283016 451.56288562715054
leaf_count=6654 11265 4943 45758 8774 851 1205 2654 3031 1898 4819 144710 1343 790 2164
internal_value=3.15045e-05 -0.00565688 -0.00939539 0.0825937 0.0343388 0.0177241 0.0647631 0.00471723 0.054943 0.0223432 -0.0141565 0.00547844 -0.0126861 0.0634838
internal_weight=56012.1 52401.7 47922.3 3610.38 4479.42 2853 2438.2 2114.16 738.834 1376.69 36302 11620.3 33836.5 1626.42
internal_count=240859 222777 203866 18082 18911 11804 11428 8701 3103 5670 156765 47101 145500 7107
is_linear=0
shrinkage=0.1


Tree=11
num_leaves=15
num_cat=0
split_feature=0 3 4 0 0 2 0 5 4 2 2 0 4 0
split_gain=2241.99 692.791 281.201 234.082 177.787 122.224 208.965 136.024 192.231 113.202 104.179 98.2529 94.3651 93.5383
threshold=1.4118604692519805 3.5500000000000003 4.5000000000000009 2.879427026127575 0.78803552197660587 38.264749999999971 5.3880098366471341 5.5000000000000009 3.5000000000000004 26.435475 18.005724999999959 2.1870070854107992 2.5000000000000004 6.5497290019374033
decision_type=2 2 2 2 2 2 2 2 2 2 2 2 2 2
left_child=4 2 11 9 -1 7 -7 8 -5 -3 -6 -2 -13 -4
right_child=1 3 13 5 10 6 -8 -9 -10 -11 -12 12 -14 -15
leaf_value=0.11565494483858692 0.0070563693438536676 0.033364159764872496 0.0059762315479074749 -0.085655565313545026 0.047575129059962529 0.060841287488387963 -0.013686266367142539 -0.065205396106473509 0.027901055771583017 0.080149444184369353 0.095372309852772563 -0.12831224929782234 -0.014000991132711072 -0.078386737650191399
leaf_weight=1095.655716329813 2313.7284222245216 1053.7170164138079 11491.011246025562 180.0408079624176 1227.7960376292467 955.11635407805443 620.71552854776382 330.67213100194931 866.66560713946819 1015.6648832708597 725.45061312615871 72.371475324034691 33619.540421172976 132.94792625308037
leaf_count=6654 9452 4441 46572 763 5697 4007 2567 1369 3574 4722 3839 421 146228 553
internal_value=4.08952e-05 -0.0047869 -0.00851183 0.0305369 0.0834131 0.0124654 0.0314851 -0.00929463 0.00836852 0.0563267 0.0653274 -0.0128776 -0.0142465 0.00501134
internal_weight=55701.1 52652.2 47629.6 5022.59 3048.9 2953.21 1575.83 1377.38 1046.71 2069.38 1953.25 36005.6 33691.9 11624
internal_count=240859 224669 203226 21443 16190 12280 6574 5706 4337 9163 9536 156101 146649 47125
is_linear=0
shrinkage=0.1


Tree=12
num_leaves=15
num_cat=0
split_feature=0 3 0 2 0 4 0 2 5 4 2 5 5 2
split_gain=1901.03 586.871 283.918 296.712 176.042 169.945 141.803 121.209 112.408 101.139 96.8108 94.7588 116.728 172.236
threshold=1.4118604692519805 4.4500000000000011 2.4889154261215301 25.126450000000066 0.78803552197660587 4.5000000000000009 3.5267477935837332 9.8327750000000709 6.5000000000000009 2.5000000000000004 24.834950000000166 6.5000000000000009 5.5000000000000009 13.853550000000071
decision_type=2 2 2 2 2 2 2 2 2 2 2 2 2 2
left_child=4 2 3 7 -1 9 -3 -2 -9 -4 -6 12 -7 -14
right_child=1 6 5 -5 10 11 -8 8 -10 -11 -12 -13 13 -15
leaf_value=0.11202430028618673 -0.015397858520900363 0.075514641850056213 -0.1272479892247986 0.069410291181815215 0.04852769355437847 -0.0046600891052657927 0.023703767270452755 0.020171598526787828 -0.048343855143348186 -0.012572890388231435 0.10292645330667771 -0.019046127689115774 -0.031713501819088857 0.027441098019205058
leaf_weight=1021.8634811639786 1934.4481305778027 961.2243358194828 77.086333066225052 816.07207800447941 1479.9543303847313 4557.6034417748451 1172.7704829573631 3473.4481528401375 257.18281039595604 33480.004116460681 419.9892835021019 1793.212052822113 576.16939100623131 3377.604823872447
leaf_count=6654 8059 4682 471 3519 7106 18492 4817 14244 1053 146091 2430 7247 2343 13651
internal_value=4.8122e-05 -0.00432294 -0.00650023 0.0130361 0.0785542 -0.00938699 0.0470412 0.00491528 0.0154483 -0.0128363 0.0605527 0.0018458 0.0062474 0.0188207
internal_weight=55398.6 52476.8 50342.8 6481.15 2921.81 43861.7 2133.99 5665.08 3730.63 33557.1 1899.94 10304.6 8511.38 3953.77
internal_count=240859 224669 215170 26875 16190 188295 9499 23356 15297 146562 9536 41733 34486 15994
is_linear=0
shrinkage=0.1


Tree=13
num_leaves=15
num_cat=0
split_feature=0 3 4 0 0 2 5 2 0 4 3 2 0 0
split_gain=1611.99 484.122 189.824 173.852 145.618 155.773 102.152 118.348 344.155 105.488 98.884 92.2972 85.395 82.2498
threshold=1.4118604692519805 3.850000000000001 4.5000000000000009 0.78803552197660587 5.350112148283805 38.264749999999971 6.5000000000000009 17.139475000000036 4.1387920943193111 3.5000000000000004 2.4500000000000006 18.005724999999959 2.1260761980700549 2.7392882287192775
decision_type=2 2 2 2 2 2 2 2 2 2 2 2 2 2
left_child=3 2 6 -1 5 13 7 9 -9 -2 -10 -5 -4 -3
right_child=1 4 12 11 -6 -7 -8 8 10 -11 -12 -13 -14 -15
leaf_value=0.1087061083535019 -0.037164001222384911 0.043493009418770663 0.034682004793041864 0.039419679659652242 -0.009325899642975876 0.06554870282984919 -0.030414462023381605 0.02555458166236332 -0.006947432536195829 -0.010985102806207072 -0.036714546206439817 0.086025878952815341 0.0020741963455294084 -0.001901196250246869
leaf_weight=951.39255148172379 1659.0308251678944 758.70236086845398 866.59423467516899 1187.3470384776592 720.28264817595482 1369.7578950971365 2318.9650118052959 3527.8842551112175 6617.6149486452341 21313.342308834195 1342.3366537392139 661.72399219870567 10967.830005332828 842.24970670044422
leaf_count=6654 7776 3439 3593 5697 2947 6315 10291 14993 28984 92417 6020 3839 44405 3489
internal_value=5.44767e-05 -0.00390311 -0.00655405 0.0739708 0.0310121 0.0407925 -0.0100987 -0.00873154 -0.000444393 -0.0128757 -0.0119672 0.0560986 0.00446195 0.0196114
internal_weight=55105.1 52304.6 48613.6 2800.46 3690.99 2970.71 36779.2 34460.2 11487.8 22972.4 7959.95 1849.07 11834.4 1600.95
internal_count=240859 224669 208479 16190 16190 13243 160481 150190 49997 100193 35004 9536 47998 6928
is_linear=0
shrinkage=0.1


Tree=14
num_leaves=15
num_cat=0
split_feature=0 3 0 2 0 2 3 0 2 2 0 0 3 5
split_gain=1383.43 436.446 241.75 155.996 253.122 193.201 192.833 206.797 147.646 138.218 130.693 123.9 110.293 102.418
threshold=1.3035720156554433 4.4500000000000011 2.1260761980700549 12.715424999999899 3.3516936016735248 17.798900000000035 2.1500000000000008 5.3376492948098555 18.69570000000002 11.973025000000066 2.9043243607748881 0.78803552197660587 1.3500000000000003 6.5000000000000009
decision_type=2 2 2 2 2 2 2 2 2 2 2 2 2 2
left_child=11 2 9 12 5 -5 13 8 -8 -2 -3 -1 -4 -6
right_child=1 10 3 4 6 -7 7 -9 -10 -11 -12 -13 -14 -15
leaf_value=0.10563303338752013 -0.0032798120432281836 0.077308891645702274 -0.0089359695827583175 -0.0045531246190015986 -0.0021205579272117335 0.031520849866107321 -0.036020908142870636 -0.05376772087239802 6.9223102857217722e-05 0.035100728605613786 0.024116746514659042 0.057775170007574719 -0.031462256549711923 -0.026832320676056415
leaf_weight=884.6154425740242 1618.8529865592718 681.39360824227333 4809.2717054784298 2796.9759491235018 23466.606093659997 3164.2210074365139 1766.006910905242 1648.5057951360941 3165.2744574993849 2231.9613497108221 1433.9968754798174 1392.4960858970881 3965.9526095837355 1806.2185620516539
leaf_count=6654 6626 3662 20956 11842 101193 13094 7662 7398 13477 9552 6080 7621 17292 7750
internal_value=5.80717e-05 -0.00324824 -0.00511447 -0.00710483 -0.00431731 0.014595 -0.00785674 -0.0231057 -0.0128555 0.0189658 0.0412506 0.0763671 -0.0191167 -0.00388668
internal_weight=54832.3 52555.2 50439.8 46589 37813.8 5961.2 31852.6 6579.79 4931.28 3850.81 2115.39 2277.11 8775.22 25272.8
internal_count=240859 226584 216842 200664 162416 24936 137480 28537 21139 16178 9742 14275 38248 108943
is_linear=0
shrinkage=0.1


Tree=15
num_leaves=15
num_cat=0
split_feature=0 3 0 4 0 5 4 2 2 0 4 2 2 0
split_gain=1177.65 370.385 168.621 152.806 124.288 106.548 128.097 99.935 97.8039 84.9085 83.7151 80.5333 78.6273 109.995
threshold=1.3035720156554433 3.4500000000000006 2.9043243607748881 4.5000000000000009 0.71235522684177022 5.5000000000000009 3.5000000000000004 37.269950000000001 41.906625000000012 5.9713943093618509 6.5000000000000009 54.376600000000074 8.6543499999999671 2.7164867016055925
decision_type=2 2 2 2 2 2 2 2 2 2 2 2 2 2
left_child=4 3 8 12 -1 6 11 -7 -3 -9 -5 -4 -2 -14
right_child=1 2 5 10 -6 7 -8 9 -10 -11 -12 -13 13 -15
leaf_value=0.10676284451070693 -0.02754323302596446 0.030348946238872278 -0.065311425916976057 0.0026860537660667841 0.055646532559166677 -0.062006688656244882 0.030858417956321688 0.022533973133704355 0.07798162827220595 -0.057005094386763239 0.053510931565557286 0.047274404620989169 0.0084173017757862845 -0.0099131270726617107
leaf_weight=702.69013993442059 2165.6414746046066 1821.2253762483597 250.40276907384396 11261.20219501853 1472.3725171685219 361.65635727345943 1702.0434375405312 533.64383582770824 564.73690867424011 179.30742788314819 333.68187706172466 85.135537505149841 3682.8497451096773 29459.808620929718
leaf_count=5690 9545 8126 1083 45743 8585 1521 7198 2269 3027 768 1352 357 15446 130149
internal_value=5.95933e-05 -0.00293315 0.0216223 -0.00581163 0.0721605 0.00628866 0.0197258 -0.0191897 0.0416232 0.00252988 0.00414871 -0.0367452 -0.00908251 -0.00787623
internal_weight=54576.4 52401.3 5498.15 46903.2 2175.06 3112.19 2037.58 1074.61 2385.96 712.951 11594.9 335.538 35308.3 33142.7
internal_count=240859 226584 24349 202235 14275 13196 8638 4558 11153 3037 47095 1440 155140 145595
is_linear=0
shrinkage=0.1


Tree=16
num_leaves=15
num_cat=0
split_feature=0 3 0 0 2 0 3 5 2 2 4 0 5 2
split_gain=1005.5 330.522 200.677 133.766 155.664 285.762 205.975 148.783 132.431 121.134 107.206 104.125 93.785 72.4863
threshold=1.2412493470632737 4.6500000000000012 2.1260761980700549 6.9167694684442855 16.098549999999936 3.8214853128768413 1.7500000000000002 6.5000000000000009 35.387350000000062 25.126450000000066 3.5000000000000004 0.71235522684177022 6.5000000000000009 8.4235499999999792
decision_type=2 2 2 2 2 2 2 2 2 2 2 2 2 2
left_child=11 2 9 4 6 8 -4 -7 12 13 -3 -1 -6 -2
right_child=1 10 3 -5 5 7 -8 -9 -10 -11 -12 -13 -14 -15
leaf_value=0.10424266023568991 -0.017665171822709276 -0.023127479029042441 -0.0046972529682980683 -0.052445187449983527 0.020600828164162754 -0.0022110667174619668 -0.024894364238610675 -0.030015842698682772 0.058780841984018242 0.062713589344836437 0.050375617545470486 0.054783252265866937 -0.013304809916721004 0.017925869107542344
leaf_weight=650.40679462254047 716.47715577483177 228.88697995245457 16676.004689469934 607.69000381231308 4141.4693998396397 13996.363356873393 7242.2710704058409 2231.2925494164228 754.35998965799809 513.55602853000164 1491.2418663054705 1231.804941624403 1015.9359628260136 2842.4013151079416
leaf_count=5690 2949 1006 72571 2984 17316 60347 31601 9666 3187 2576 7256 7614 4241 11855
internal_value=6.1502e-05 -0.00251516 -0.0039767 -0.00583456 -0.00521957 0.000823046 -0.0108128 -0.00603421 0.019646 0.0173122 0.040595 0.0718742 0.0139219 0.0107606
internal_weight=54340.2 52458 50737.8 46665.4 46057.7 22139.4 23918.3 16227.7 5911.77 4072.43 1720.13 1882.21 5157.41 3558.88
internal_count=240859 227555 219293 201913 198929 94757 104172 70013 24744 17380 8262 13304 21557 14804
is_linear=0
shrinkage=0.1


Tree=17
num_leaves=15
num_cat=0
split_feature=0 3 0 2 0 2 5 5 3 0 0 4 2 5
split_gain=857.54 274.287 172.157 198.453 111.419 110.466 115.815 135.936 106.537 103.653 103.602 95.0145 91.1928 82.7705
threshold=1.2412493470632737 4.7500000000000009 2.6027677575995924 23.575925000000044 6.6925854486470042 12.715424999999899 6.5000000000000009 5.5000000000000009 1.4500000000000004 4.1165823202115108 0.71235522684177022 6.5000000000000009 24.034625000000123 6.5000000000000009
decision_type=2 2 2 2 2 2 2 2 2 2 2 2 2 2
left_child=10 2 3 -2 5 8 7 12 -4 -3 -1 -9 -7 -5
right_child=1 9 4 13 -6 6 -8 11 -10 -11 -12 -13 -14 -15
leaf_value=0.10185636389000013 0.0032032192138406685 0.063135407148801115 -0.0068351923842189287 0.064049044080191339 -0.043274649829177628 -0.0068165627229047751 -0.020869278702953242 0.0086796887639884867 -0.032578262815547265 0.011119764873969984 0.050964439555392586 0.089062880549805823 0.015737754018622797 0.0078339621287897409
leaf_weight=601.59749433398247 6908.410216063261 834.89270910620689 4013.4393664002419 852.92912785708904 790.30541242659092 22102.152932733297 3332.0881574451923 7612.3205110877752 2681.8085432648659 707.96140791475773 1193.7408203035593 149.9446017742157 1950.9086608439684 377.99753855168819
leaf_count=5690 29019 4588 17653 4078 3880 96243 14388 32129 12019 2965 7614 608 8324 1661
internal_value=6.1868e-05 -0.00227022 -0.00353245 0.00979437 -0.00607676 -0.00537419 -0.00313164 -0.00127394 -0.0171467 0.0392673 0.0680177 0.0102325 -0.00498722 0.0467863
internal_weight=54110.5 52315.2 50772.3 8139.34 42633 41842.7 35147.4 31815.3 6695.25 1542.85 1795.34 7762.27 24053.1 1230.93
internal_count=240859 227555 220002 34758 185244 181364 151692 137304 29672 7553 13304 32737 104567 5739
is_linear=0
shrinkage=0.1


Tree=18
num_leaves=15
num_cat=0
split_feature=0 3 0 4 2 0 3 0 2 2 3 0 2 2
split_gain=739.426 258.588 188.784 106.423 102.337 168.09 154.186 151.773 135.852 133.13 110.039 102.118 95.0723 89.3859
threshold=1.0630145812734695 4.9500000000000011 2.0288666781162914 2.5000000000000004 12.039174999999789 3.3516936016735248 2.0500000000000003 5.5300045207919615 17.936975000000107 24.292025000000084 0.95000000000000007 3.7223917042675665 14.01185000000004 51.683200000000063
decision_type=2 2 2 2 2 2 2 2 2 2 2 2 2 2
left_child=-1 2 12 -4 -5 8 -7 9 -6 -8 -10 -3 -2 -13
right_child=1 11 3 4 5 6 7 -9 10 -11 -12 13 -14 -15
leaf_value=0.07733526980904154 0.0038925045857532911 0.072721658594600447 -0.12488496701265216 -0.015915836412636671 -0.0022783578431447927 -0.0016738147437430424 -0.021961163965524912 -0.044559086209494864 -0.015806586442524289 0.0079111762168708865 0.033288520226962964 -0.024775098919149332 0.035119208816311497 0.047725650470986369
leaf_weight=1210.5282089039683 2120.1430856883526 598.86842370033264 73.400348484516144 6616.6890311688185 3497.9078357964754 25841.399528667331 3896.4231857955456 1653.1984722465277 540.73563346266747 2417.5498306304216 2931.6656101495028 299.90157996118069 1805.1141547262669 392.75827826559544
leaf_count=10450 8960 3602 499 29283 14894 112028 16992 7615 2211 10265 12381 1260 8723 1696
internal_value=6.23972e-05 -0.00171305 -0.00282364 -0.00456647 -0.00438014 -0.00250838 -0.00542357 -0.0175858 0.0116314 -0.0105234 0.0256432 0.0424809 0.0182528 0.0163349
internal_weight=53896.3 52685.8 51394.2 47469 47395.6 40778.9 33808.6 7967.17 6970.31 6313.97 3472.4 1291.53 3925.26 692.66
internal_count=240859 230409 223851 206168 205669 176386 146900 34872 29486 27257 14592 6558 17683 2956
is_linear=0
shrinkage=0.1


Tree=19
num_leaves=15
num_cat=0
split_feature=0 3 4 0 4 4 5 5 2 0 3 5 2 4
split_gain=636.434 216.892 121.439 111.093 86.9619 74.2741 72.2871 71.8596 89.4396 137.863 118.579 95.5859 91.2887 79.9558
threshold=1.0630145812734695 4.1500000000000012 4.5000000000000009 2.5811140996482727 3.5000000000000004 2.5000000000000004 5.5000000000000009 6.5000000000000009 15.420600000000038 4.3873112495012334 2.350000000000001 5.5000000000000009 31.648950000000102 5.5000000000000009
decision_type=2 2 2 2 2 2 2 2 2 2 2 2 2 2
left_child=-1 2 5 -3 -5 -2 -6 8 -4 12 11 -11 -10 -9
right_child=1 3 7 4 6 -7 -8 13 9 10 -12 -13 -14 -15
leaf_value=0.073824631974284238 -0.11806481821428483 0.0572171038286493 -0.0009857590261821347 -0.038956671858298625 0.036874648852047325 -0.005687150781702322 -0.0066285491449347899 0.00021737244409131382 0.028440890906859848 -0.014252026182975601 -0.058209169366435845 0.024500008632306166 0.08729360659532627 -0.044452471059303958
leaf_weight=1144.7473908290267 58.905717350542545 798.54803198575974 4660.1039124876261 277.06155851483345 1082.8258301615715 37572.565425723791 590.12342341244221 1579.1661623567343 2081.6573260128498 1014.477408349514 280.62917369604111 1708.4122587889433 301.77035351097584 536.94832722842693
leaf_count=10450 457 4859 19094 1173 4849 166551 2604 6512 8587 4109 1170 6892 1345 2207
internal_value=6.10866e-05 -0.00154598 -0.00305546 0.0258006 0.0129352 -0.00586306 0.0215291 0.00563095 0.00915847 0.017934 0.0036832 0.010062 0.0358923 -0.0111173
internal_weight=53687.9 52543.2 49794.6 2748.56 1950.01 37631.5 1672.95 12163.2 10047.1 5386.95 3003.52 2722.89 2383.43 2116.11
internal_count=240859 230409 216924 13485 8626 167008 7453 49916 41197 22103 12171 11001 9932 8719
is_linear=0
shrinkage=0.1


Tree=20
num_leaves=15
num_cat=0
split_feature=0 3 0 4 0 4 5 2 5 2 0 3 2 0
split_gain=547.039 193.433 150.117 92.7218 90.2502 87.5183 82.0995 88.0729 78.743 112.563 199.56 115.707 81.0596 76.5129
threshold=1.0630145812734695 5.0500000000000016 1.9921094347449859 3.5000000000000004 7.8345357202275361 2.5000000000000004 6.5000000000000009 33.057825000000129 6.5000000000000009 16.098549999999936 3.4279148180781847 1.5500000000000003 21.456824999999913 3.9865022262630219
decision_type=2 2 2 2 2 2 2 2 2 2 2 2 2 2
left_child=-1 2 -2 6 8 -3 7 -4 9 11 12 -5 -11 -7
right_child=1 5 3 4 -6 13 -8 -9 -10 10 -12 -13 -14 -15
leaf_value=0.070378078431433899 0.017120332998651896 -0.2006106179119958 -0.024093246873192448 -0.00048388130758177838 -0.063059045045015347 0.068671522771412738 -0.14186633202189211 0.062089578672742521 -0.015333989372636959 0.012009747341906428 -0.00032895033375508905 -0.01556840415440823 0.042534872435547426 0.01636085692807427
leaf_weight=1083.9341670647264 3695.1679000779986 14.983441889286039 2342.6693159416318 14245.879517555237 246.8455481082201 562.84315080940723 56.29294940084219 124.89900765568018 4275.8760714232922 1869.4515653699636 14912.521486282349 7907.7203403860331 1627.1084317564964 555.64632952213287
leaf_count=10450 16913 64 11317 61958 1291 3532 295 561 18552 7749 64186 34588 7021 2382
internal_value=6.03378e-05 -0.00139319 -0.00229594 -0.00380293 -0.00275879 0.0394684 -0.0224551 -0.019731 -0.00242682 -0.00106622 0.00471262 -0.0058683 0.0262145 0.0426845
internal_weight=53521.8 52437.9 51304.4 47609.3 45085.4 1133.47 2523.86 2467.57 44838.6 40562.7 18409.1 22153.6 3496.56 1118.49
internal_count=240859 230409 224431 207518 195345 5978 12173 11878 194054 175502 78956 96546 14770 5914
is_linear=0
shrinkage=0.1


Tree=21
num_leaves=15
num_cat=0
split_feature=0 0 2 4 3 2 0 2 3 0 2 0 5 2
split_gain=476.461 185.086 162.645 125.343 123.315 77.0509 126.008 134.952 123.414 109.774 95.6979 95.4036 61.5897 77.0956
threshold=0.93037626796904149 2.1260761980700549 26.082049999999899 2.5000000000000004 6.2500000000000009 13.249600000000045 3.8214853128768413 21.318974999999856 1.8500000000000003 5.9948060852708185 16.150575000000121 6.0441335193595807 6.5000000000000009 8.4235499999999792
decision_type=2 2 2 2 2 2 2 2 2 2 2 2 2 2
left_child=-1 2 12 -3 5 -5 7 -7 11 10 -10 -8 13 -2
right_child=1 3 -4 4 -6 6 8 -9 9 -11 -12 -13 -14 -15
leaf_value=0.078313032864304077 -0.015377367756704117 -0.13059785858070511 0.059946745574321586 -0.01051753741892273 0.066206476395764727 -0.00010640725166911141 -0.0021395557925586121 0.025267481724257763 -0.039690040318007914 -0.039661064059200141 -0.0044477920194027623 0.023168806376126894 -0.045482532648253131 0.01917652568556584
leaf_weight=766.85531186312437 807.46002715826035 76.865792296826839 756.85146364569664 10968.127219334245 257.58420996367931 5637.6953978091478 17704.47865305841 3336.6136538386345 892.39687277376652 1451.8241863548756 5640.9970710575581 1626.308827072382 193.63097675144672 3223.3376204967499
leaf_count=8548 3514 565 4898 48716 1317 24080 76806 14583 3995 6855 24486 7136 866 14494
internal_value=5.7925e-05 -0.00108352 0.0172566 -0.00300307 -0.00279666 -0.00317277 -0.000952935 0.00932751 -0.00433044 -0.0147886 -0.00926153 -1.03506e-05 0.00960816 0.0122546
internal_weight=53341 52574.2 4981.28 47592.9 47516 47258.4 36290.3 8974.31 27316 7985.22 6533.39 19330.8 4224.43 4030.8
internal_count=240859 232311 23772 208539 207974 206657 157941 38663 119278 35336 28481 83942 18874 18008
is_linear=0
shrinkage=0.1


Tree=22
num_leaves=15
num_cat=0
split_feature=0 3 4 0 2 5 4 2 0 2 3 0 4 2
split_gain=413.424 157.208 100.709 98.1187 72.7129 70.7323 69.855 68.4881 108.723 65.1558 61.3385 59.2274 55.8703 55.6585
threshold=0.93037626796904149 4.5500000000000016 4.5000000000000009 2.7392882287192775 40.588650000000094 6.5000000000000009 3.5000000000000004 7.923349999999858 2.8311393466097732 17.936975000000107 6.2500000000000009 2.0288666781162914 2.5000000000000004 24.292025000000084
decision_type=2 2 2 2 2 2 2 2 2 2 2 2 2 2
left_child=-1 2 5 -3 -5 7 -7 -2 9 -9 -6 13 -10 -4
right_child=1 3 11 4 10 6 -8 8 12 -11 -12 -13 -14 -15
leaf_value=0.075308938343393778 -0.022491178970620598 0.064600464143998615 0.017159276422113887 -0.020051090593844703 0.016710603031620742 -0.13683196090517524 -0.0187515334472723 0.0036809222407484087 -0.11592858126189179 0.027804028817706734 0.083397177306176934 0.0037387859768771969 -0.0047885396505066083 0.07507588718735772
leaf_weight=720.14786673337221 1793.4643823802471 520.25518446415663 838.41111821681261 436.49372835457325 690.2245591878891 51.211668275296688 2309.0107062235475 4159.6898770332336 45.303468443453312 1532.0406566411257 172.37554866075516 11273.401942417026 28427.593501359224 206.87231089174747
leaf_count=8548 8136 3811 3814 1917 3163 290 10681 18148 413 7167 843 45933 126698 1297
internal_value=5.55522e-05 -0.000977565 -0.00201524 0.0279035 0.0132073 -0.00454384 -0.0213136 -0.0034431 -0.00244318 0.0101741 0.0300367 0.00585018 -0.00496538 0.0286216
internal_weight=53176.5 52456.3 50637 1819.35 1299.09 38318.3 2360.22 35958.1 34164.6 5691.73 862.6 12318.7 28472.9 1045.28
internal_count=240859 232311 222577 9734 5923 171533 10971 160562 152426 25315 4006 51044 127111 5111
is_linear=0
shrinkage=0.1


Tree=23
num_leaves=15
num_cat=0
split_feature=0 0 2 4 3 4 5 2 0 3 0 2 2 0
split_gain=359.111 137.74 115.41 105.173 93.4853 67.7503 64.9158 84.8153 130.661 98.2241 73.7977 68.8308 64.3792 63.2273
threshold=0.86092973000123696 1.9921094347449859 25.126450000000066 2.5000000000000004 5.3500000000000014 6.5000000000000009 6.5000000000000009 16.098549999999936 4.0741624906230731 1.4500000000000004 6.5497290019374033 18.614424999999958 51.683200000000063 3.9865022262630219
decision_type=2 2 2 2 2 2 2 2 2 2 2 2 2 2
left_child=-1 2 -2 -3 5 6 7 9 11 -5 -10 -9 13 -6
right_child=1 3 -4 4 12 -7 -8 8 10 -11 -12 -13 -14 -15
leaf_value=0.078118250317693247 0.0095271940442396078 -0.12762586221372066 0.055586734438024255 -0.00079577414644432646 0.054354691628649338 0.043623122139988091 -0.014795573290438777 4.841271047633395e-05 -0.00067990638361073289 -0.014161896193339692 -0.032868184327540836 0.022526212121636364 0.059568607980389349 -0.042640309720931149
leaf_weight=582.81220346689224 3478.1453131884336 66.879534319043159 644.86571004241705 14406.703441932797 114.12468811869621 314.09734930843115 4229.5181518569589 2034.8989583104849 12802.634322822094 8891.1664840430021 754.2364058047533 4121.6100129634142 411.07437274605036 163.46920354664326
leaf_count=7600 16195 565 4708 63248 695 1287 18606 8625 55493 39468 3758 17699 2222 690
internal_value=5.44536e-05 -0.000813247 0.0167312 -0.00231056 -0.00213684 -0.00266658 -0.00297435 -0.00181191 0.00301561 -0.00589669 -0.0024707 0.0150967 0.0344432 -0.00276362
internal_weight=53016.2 52433.4 4123.01 48310.4 48243.5 47554.9 47240.8 43011.2 19713.4 23297.9 13556.9 6156.51 688.668 277.594
internal_count=240859 233259 20903 212356 211791 208184 206897 188291 85575 102716 59251 26324 3607 1385
is_linear=0
shrinkage=0.1


Tree=24
num_leaves=15
num_cat=0
split_feature=0 3 0 4 4 4 5 2 4 0 2 4 2 5
split_gain=315.087 123.408 91.4059 82.3664 52.9182 51.3226 50.7859 89.0515 65.7033 60.0563 57.3123 55.9466 58.373 50.3935
threshold=0.78803552197660587 4.5500000000000016 2.6500188678573591 4.5000000000000009 3.5000000000000004 2.5000000000000004 6.5000000000000009 45.037425000000162 6.5000000000000009 1.9921094347449859 24.292025000000084 5.5000000000000009 8.1777000000000175 6.5000000000000009
decision_type=2 2 2 2 2 2 2 2 2 2 2 2 2 2
left_child=-1 3 -3 5 -4 -2 8 11 9 10 -5 12 -8 -7
right_child=1 2 4 6 -6 13 7 -9 -10 -11 -12 -13 -14 -15
leaf_value=0.08268770017829298 -0.11254710052420919 0.061924232323583489 -0.035074140397237184 0.021479417973747642 0.020018096302318572 -0.0028249564974590301 0.08727974291996847 0.078219304113729099 0.059992692156076693 0.0048135224654587746 0.093113086222428629 -0.041943241068688755 -0.0078748732056829231 -0.01800051763742623
leaf_weight=457.43001303076744 43.407659292221069 489.98525233566761 207.25248190760612 735.84227366745472 1098.2661547511816 35899.820133142173 67.457914777100086 112.30199768394232 241.595394320786 9084.4598757773638 131.67624981701374 509.42337823659182 1455.1354615092278 2330.2222934439778
leaf_count=6654 479 3973 893 3559 5205 161154 279 515 1029 36992 964 2116 6077 10970
internal_value=5.24025e-05 -0.000668875 0.0250949 -0.00158288 0.0112721 -0.00387334 0.00552238 -0.00846608 0.00846499 0.00721409 0.0323523 -0.0132569 -0.00365908 -0.00374995
internal_weight=52864.3 52406.8 1795.5 50611.3 1305.52 38273.5 12337.9 2144.32 10193.6 9951.98 867.519 2032.02 1522.59 38230
internal_count=240859 234205 10071 224134 6098 172603 51531 8987 42544 41515 4523 8472 6356 172124
is_linear=0
shrinkage=0.1


Tree=25
num_leaves=15
num_cat=0
split_feature=0 0 2 4 3 3 3 2 0 3 2 5 5 2
split_gain=275.897 111.591 157.092 82.0743 79.7574 61.8632 74.4497 106.891 205.755 58.0076 56.3272 55.6062 71.0839 52.7006
threshold=0.78803552197660587 2.6027677575995924 30.421124999999908 2.5000000000000004 4.5500000000000016 6.3500000000000014 2.2500000000000004 18.614424999999958 4.7282977909603003 3.7500000000000004 38.264749999999971 5.5000000000000009 6.5000000000000009 32.307449999999982
decision_type=2 2 2 2 2 2 2 2 2 2 2 2 2 2
left_child=-1 2 4 -3 -2 6 11 -8 13 -10 -7 -5 -13 -9
right_child=1 3 -4 5 -6 10 7 8 9 -11 -12 12 -14 -15
leaf_value=0.080187937637116624 0.0036263637979274291 -0.12274088632103575 0.048087217771161567 -0.0029850894293162746 0.076365443730928545 -0.061531793224429546 -0.022880065931446023 0.0030855235498763877 -0.036017304140205618 -0.0041121221051629731 0.080950974041386778 0.011722412481361624 -0.00844653539671451 0.026750041864052172
leaf_weight=426.14924687147141 8040.2664610370994 56.906547199934721 943.12861125916243 23426.814415633678 153.62258137017488 33.933835089206696 4041.529772028327 2608.9730793833733 1621.8964531570673 878.52028639614582 152.14419144392014 6503.177847251296 2389.5368284583092 1472.0330032780766
leaf_count=6654 36216 559 6406 103312 1125 156 18227 11110 7736 3709 804 27614 10617 6614
internal_value=5.12315e-05 -0.000601455 0.00943862 -0.0027257 0.00499011 -0.00256734 -0.00281665 -0.0100793 -0.00221866 -0.0248074 0.0549673 -0.000429508 0.00630287 0.0116214
internal_weight=52748.6 52322.5 9137.02 43185.5 8193.89 43128.6 42942.5 10623 6581.42 2500.42 186.078 32319.5 8892.71 4081.01
internal_count=240859 234205 43747 190458 37341 189899 188939 47396 29169 11445 960 141543 38231 17724
is_linear=0
shrinkage=0.1


Tree=26
num_leaves=15
num_cat=0
split_feature=0 0 3 4 3 2 0 3 3 0 2 0 2 3
split_gain=243.977 102.191 90.9959 79.809 74.3037 61.4839 104.955 90.7706 74.9814 94.2226 125.082 63.2035 50.6928 56.0316
threshold=0.71235522684177022 1.7516706306171745 3.9500000000000006 2.5000000000000004 6.3500000000000014 12.039174999999789 3.1277467928206728 0.95000000000000007 1.9500000000000004 5.2490141931583034 17.528649999999804 6.0441335193595807 18.614424999999958 2.1500000000000008
decision_type=2 2 2 2 2 2 2 2 2 2 2 2 2 2
left_child=-1 2 -2 -3 5 -5 7 -7 11 10 -10 -8 13 -9
right_child=1 3 -4 4 -6 6 8 12 9 -11 -12 -13 -14 -15
leaf_value=0.085350974565692406 0.0096816898778169513 -0.12387020993097111 0.056631889404446245 -0.010298965591528198 0.056442074553490755 -0.023749971566190943 -0.00083404746866841168 0.034673135372360435 -0.021889758977776022 -0.026695522319397688 0.0044866747101197871 0.018215056804961754 0.025820836070612276 0.0008428672386236063
leaf_weight=333.16961694508791 2423.9293771386147 53.300772089511156 497.54068623483181 7109.0759475454688 220.79783941805363 659.13279704749584 23041.334004178643 600.29862712323666 2691.5075995177031 2436.9428209513426 5415.0689160227776 1884.2075049579144 2594.7257234528661 2654.3803611919284
leaf_count=5690 12982 566 4195 31813 1320 2722 100451 2552 12136 11417 23426 8284 12015 11290
internal_value=4.84037e-05 -0.000495189 0.0176775 -0.00157076 -0.00143856 -0.00169891 -0.000242457 0.0114304 -0.00238441 -0.00945379 -0.00427071 0.00060594 0.0153946 0.00708258
internal_weight=52615.4 52282.2 2921.47 49360.8 49307.5 49086.7 41977.6 6508.54 35469.1 10543.5 8106.58 24925.5 5849.4 3254.68
internal_count=240859 235169 17177 217992 217426 216106 184293 28579 155714 46979 35562 108735 25857 13842
is_linear=0
shrinkage=0.1


Tree=27
num_leaves=15
num_cat=0
split_feature=0 3 4 5 2 0 0 5 2 0 2 3 5 0
split_gain=214.683 86.2641 62.0875 63.4051 80.8631 57.1739 54.8542 56.9322 69.7913 134.796 91.2314 51.4597 79.4111 52.5826
threshold=0.71235522684177022 5.0500000000000016 3.5000000000000004 6.5000000000000009 33.057825000000129 4.1165823202115108 7.8345357202275361 6.5000000000000009 10.321474999999994 2.8311393466097732 21.456824999999913 2.0500000000000003 5.5000000000000009 5.5300045207919615
decision_type=2 2 2 2 2 2 2 2 2 2 2 2 2 2
left_child=-1 2 3 4 -2 -3 7 8 -4 10 -10 12 -11 -13
right_child=1 5 6 -5 -6 -7 -8 -9 9 11 -12 13 -14 -15
leaf_value=0.08314381355408873 -0.0181354178629985 0.051092621416416642 -0.011019554801187428 -0.13205360995048837 0.063415585250618231 0.0044355466632331033 -0.049362086692188382 -0.010792507801685329 0.0094084772871886463 -0.0007964154079491434 0.038437823357277662 -0.0040042724831785377 0.012890005676680498 -0.028747698898347131
leaf_weight=309.06316481530666 2408.7244884781539 528.76901268959045 4290.3583445027471 46.341120634227991 128.0522121116519 521.84123620390892 226.14047522842884 4435.7748743444681 4821.5179324969649 19452.207311049104 1396.0738620534539 7540.2478433549404 5420.7628953009844 969.26167984306812
leaf_count=5690 11986 4177 19652 295 610 2306 1291 19973 21668 85095 7937 32859 22788 4532
internal_value=4.5359e-05 -0.000446778 -0.00102955 -0.0161364 -0.0140189 0.0279179 -0.000225822 4.10927e-06 0.00109527 0.00240781 0.0159266 -0.000110106 0.00218637 -0.00682263
internal_weight=52495.1 52186.1 51135.5 2583.12 2536.78 1050.61 48552.3 48326.2 43890.4 39600.1 6217.59 33382.5 24873 8509.51
internal_count=240859 235169 228686 12891 12596 6483 215795 214504 194531 174879 29605 145274 107883 37391
is_linear=0
shrinkage=0.1


Tree=28
num_leaves=15
num_cat=0
split_feature=0 2 0 4 5 4 3 5 2 0 3 2 5 3
split_gain=188.666 81.3516 156.951 71.5388 68.2702 64.5055 54.0502 77.9434 58.4021 53.9656 76.7792 67.7365 57.3024 56.6619
threshold=0.71235522684177022 41.906625000000012 4.851236955663988 3.5000000000000004 6.5000000000000009 6.5000000000000009 3.5500000000000003 5.5000000000000009 9.8327750000000709 2.9043243607748881 2.2500000000000004 21.456824999999913 5.5000000000000009 0.8500000000000002
decision_type=2 2 2 2 2 2 2 2 2 2 2 2 2 2
left_child=-1 3 -3 -2 5 6 8 -8 -5 11 12 13 -11 -10
right_child=1 2 -4 4 -6 -7 7 -9 9 10 -12 -13 -14 -15
leaf_value=0.080893220514417774 -0.017630187444684944 0.038883290324695723 -0.011290672413101114 -0.012619895147226884 -0.012882971399841184 0.052722792871104096 0.023442439137393311 -0.018398137182681813 -0.050654241722776598 -0.0012044877376301295 -0.01279958715356443 0.039498004820391966 0.010092251270465197 0.0079002458955476345
leaf_weight=287.03958384692669 2543.9425208047032 1433.6101065464318 1103.2503256462514 3588.3580373302102 4015.4453211612999 237.49935214594007 2053.8555697053671 568.45884152501822 171.60984694957733 20936.283987000585 4578.5184374004602 681.46551385521889 5716.1554627269506 4467.2142920866609
leaf_count=5690 12805 8483 5202 16417 18012 1038 10327 2941 701 91766 20474 3250 24028 19725
internal_value=4.26736e-05 -0.000402801 0.0170632 -0.00129687 -0.000413083 0.000751401 0.000462752 0.0143723 -0.000445959 0.000749197 -0.000836726 0.0100588 0.00121833 0.00573407
internal_weight=52382.7 52095.7 2536.86 49558.8 47014.9 42999.4 42761.9 2622.31 40139.6 36551.2 31231 5320.29 26652.4 4638.82
internal_count=240859 235169 13685 221484 208679 190667 189629 13268 176361 159944 136268 23676 115794 20426
is_linear=0
shrinkage=0.1


Tree=29
num_leaves=15
num_cat=0
split_feature=0 4 3 0 2 0 2 4 5 2 2 0 3 0
split_gain=165.563 74.7138 76.9939 52.2313 52.2089 52.8182 43.0039 40.3831 36.0204 39.1529 33.8736 65.0427 59.7432 72.7724
threshold=0.71235522684177022 2.5000000000000004 5.2500000000000009 1.7516706306171745 72.519525000000016 3.9865022262630219 31.648950000000102 6.5000000000000009 5.5000000000000009 40.588650000000094 12.715424999999899 3.4279148180781847 1.8500000000000003 5.3119205561011134
decision_type=2 2 2 2 2 2 2 2 2 2 2 2 2 2
left_child=-1 -2 3 6 5 -4 -3 10 9 -7 -5 -12 -13 -14
right_child=1 2 4 7 -6 8 -8 -9 -10 -11 11 12 13 -15
leaf_value=0.078593417514683461 -0.12516856513582195 0.0089510437159167275 0.044828532083390119 -0.0071305828032234954 0.064229992089146495 -0.048973503152335909 0.054975829324069837 0.034153001104064128 -0.086945858355862257 0.036061802010872702 0.0078517252175211282 0.00045512959354866592 -0.0041252459308435642 -0.024559151487041735
leaf_weight=266.94042719900608 47.921514887362719 2551.5261940918863 251.75118404254317 9368.8946586251259 290.03527361154556 93.290466502308846 220.56240348890424 315.59420049190521 59.975375026464462 129.04173496365547 7617.6702328696847 21545.42340773344 7219.4391975551844 2297.5154077410698
leaf_count=5690 568 13945 2096 42056 1979 392 2123 1330 268 577 33067 93999 31738 11031
internal_value=4.04444e-05 -0.000362738 -0.000247634 -0.000736301 0.0300751 0.0115263 0.012613 -0.00150144 -0.0181713 0.000381036 -0.00173562 -0.000428882 -0.0024596 -0.00905825
internal_weight=52275.6 52008.6 51960.7 51136.6 824.094 534.059 2772.09 48364.5 282.308 222.332 48048.9 38680 31062.4 9516.95
internal_count=240859 235169 234601 229289 5312 3333 16068 213221 1237 969 211891 169835 136768 42769
is_linear=0
shrinkage=0.1


Tree=30
num_leaves=15
num_cat=0
split_feature=0 4 2 0 5 2 0 0 4 4 3 4 3 3
split_gain=145.056 66.752 68.0965 123.99 62.0262 56.1069 87.5644 44.3191 46.841 42.3986 40.989 40.3601 38.1741 36.9975
threshold=0.71235522684177022 2.5000000000000004 39.359825000000008 4.7744790291687957 6.5000000000000009 15.61817500000001 2.8561687625208734 5.8904117003807155 3.5000000000000004 6.5000000000000009 6.3500000000000014 3.5000000000000004 0.8500000000000002 2.350000000000001
decision_type=2 2 2 2 2 2 2 2 2 2 2 2 2 2
left_child=-1 -2 4 10 5 7 12 8 -3 -8 -4 -6 -7 -14
right_child=1 2 3 -5 11 6 9 -9 -10 -11 -12 -13 13 -15
leaf_value=0.076240547455034141 -0.12361558609674361 -0.024002227283869002 0.029192777958668925 -0.0084526957998505101 -0.12366285213234743 -0.024056338403391303 0.0006800219202304905 0.011689448386277945 -0.0034987583601475431 0.061829333229870179 0.093135960951791219 -0.012230242594779034 0.051348193885981268 0.017813259448379509
leaf_weight=248.61515447497368 43.878018267452717 1176.701847307384 1467.5210569500923 1267.8486656844616 32.777435258030891 189.77615258097649 17985.66974543035 1809.3929076045752 20984.126223865896 114.10758973658085 107.59910079836845 3885.9336663484573 379.2379910312593 2482.7862116061151
leaf_count=5690 568 5890 8429 5998 213 773 78262 7980 93603 493 999 17470 1628 12863
internal_value=3.84485e-05 -0.000326388 -0.000222122 0.0148245 -0.0010944 -4.63372e-05 0.00370754 -0.00335879 -0.00458746 0.00106553 0.0335608 -0.0131623 0.0193769 0.0222569
internal_weight=52176 51927.4 51883.5 2842.97 49040.5 45121.8 21151.6 23970.2 22160.8 18099.8 1575.12 3918.71 3051.8 2862.02
internal_count=240859 235169 234601 15426 219175 201492 94019 107473 99493 78755 9428 17683 15264 14491
is_linear=0
shrinkage=0.1


Tree=31
num_leaves=15
num_cat=0
split_feature=0 4 3 0 3 4 2 0 2 0 3 5 5 4
split_gain=126.868 59.709 59.2029 50.6849 53.8816 38.3256 35.4445 35.4781 32.3629 54.3607 41.4298 36.6858 29.3253 49.4841
threshold=0.71235522684177022 2.5000000000000004 6.5500000000000016 1.6617159805454171 3.9500000000000006 4.5000000000000009 40.588650000000094 4.0078423122672922 45.037425000000162 3.7724991711652902 2.5500000000000003 6.5000000000000009 6.5000000000000009 3.5000000000000004
decision_type=2 2 2 2 2 2 2 2 2 2 2 2 2 2
left_child=-1 -2 3 4 -3 12 7 -4 10 -10 -7 -12 -5 -14
right_child=1 2 6 5 -6 8 -8 -9 9 -11 11 -13 13 -15
leaf_value=0.07383269311896247 -0.12222360985525001 0.0072685883457791383 0.08123153595536993 -0.0019453707500451129 0.048205745596034091 0.0053230856056789124 0.08115803586032945 -0.11178573825003613 0.071859479657923872 -0.00085789881876723669 -0.0034929983571670743 -0.038739047646931563 -0.12844020398409561 -0.011764029394413844
leaf_weight=231.92161925137043 40.131497777998447 2015.3614704608917 16.963433001190424 35131.595135346055 382.54687779396772 9794.2816644906998 138.45070607215166 21.710803687572479 184.02349644899368 232.92739723622799 1232.9492180719972 388.31699324399233 36.949579417705536 2239.1260668933392
leaf_count=5690 568 11394 142 158434 3604 39963 1085 91 1040 1010 5225 1634 244 10735
internal_value=3.59918e-05 -0.000294062 -0.000199626 -0.000397595 0.0137994 -0.00108897 0.0575153 -0.0271238 0.00387155 0.0312363 0.00287205 -0.0119349 -0.00265804 -0.0136581
internal_weight=52087.3 51855.3 51815.2 51638.1 2397.91 49240.2 177.125 38.6742 11832.5 416.951 11415.5 1621.27 37407.7 2276.08
internal_count=240859 235169 234601 233283 14998 218285 1318 233 48872 2050 46822 6859 169413 10979
is_linear=0
shrinkage=0.1


Tree=32
num_leaves=15
num_cat=0
split_feature=0 4 2 0 4 5 2 0 3 5 0 5 2 3
split_gain=110.749 53.4654 52.6663 155.593 46.7344 44.4957 38.8259 52.8052 56.5426 42.4756 44.4477 38.1381 41.9205 39.6771
threshold=0.71235522684177022 2.5000000000000004 29.89164999999986 4.3671558250155451 6.5000000000000009 6.5000000000000009 9.8327750000000709 2.2163709074726357 2.350000000000001 5.5000000000000009 2.9293343953874591 5.5000000000000009 18.299399999999967 3.1500000000000008
decision_type=2 2 2 2 2 2 2 2 2 2 2 2 2 2
left_child=-1 -2 4 -4 5 6 -3 -8 9 10 -9 12 -10 -13
right_child=1 2 3 -5 -6 -7 7 8 11 -11 -12 13 -14 -15
leaf_value=0.071369814027533701 -0.12097095517948667 -0.010154503701475347 0.027240155599579846 -0.0079106079159920861 0.03785773461306198 -0.013049336817152937 0.01250346384774579 0.024361717284715687 -0.012349093923420824 0.0083813981017707012 -0.0016569892138697216 -0.012458651519996873 0.0060447957365880539 -0.049276667227352314
leaf_weight=216.72645062208176 36.669279376044869 3912.5200168564916 2500.2263061255217 2537.1527884975076 303.95247617736459 3103.2032338008285 3248.1690159589052 676.18522873520851 3243.497218132019 6250.4485065191984 22628.394613236189 919.96449917554855 2004.9011753052473 429.27791382372379
leaf_count=5690 568 18189 14368 11856 1333 14050 16176 2918 14663 26286 100173 3951 8786 1852
internal_value=3.42119e-05 -0.000264281 -0.000178763 0.00953594 -0.0012262 -0.00148213 -0.000653395 0.000290069 -0.000807255 0.00106126 -0.000902053 -0.00917751 -0.00532258 -0.0241728
internal_weight=52011.3 51794.6 51757.9 5037.38 46720.5 46416.6 43313.4 39400.8 36152.7 29555 23304.6 6597.64 5248.4 1349.24
internal_count=240859 235169 234601 26224 208377 207044 192994 174805 158629 129377 103091 29252 23449 5803
is_linear=0
shrinkage=0.1


Tree=33
num_leaves=15
num_cat=0
split_feature=0 4 3 4 2 0 3 2 5 4 3 2 2 3
split_gain=97.1886 47.7796 45.487 35.3612 35.2202 52.1053 34.4487 31.4516 30.3868 43.7712 66.3775 42.8439 43.9966 59.2653
threshold=0.99641858642364789 2.5000000000000004 6.5500000000000016 4.5000000000000009 45.037425000000162 3.7724991711652902 4.6500000000000012 41.906625000000012 6.5000000000000009 5.5000000000000009 3.4500000000000006 8.1777000000000175 18.861400000000177 2.0500000000000003
decision_type=2 2 2 2 2 2 2 2 2 2 2 2 2 2
left_child=6 -2 3 -3 8 -6 -1 -4 -5 10 11 -10 13 -13
right_child=1 2 7 4 5 -7 -8 -9 9 -11 -12 12 -14 -15
leaf_value=0.031390344309272837 -0.11983802457312698 -0.0019817117230539207 -0.025291013946955394 0.0054204629756358126 0.067969651854280208 -0.00074535034928128162 0.10084620310244052 0.076958548828510165 0.083934467619440012 -0.033514323334954035 -0.080106647841339099 -0.010598287615352968 0.01223201241736372 -0.12379937869055085
leaf_weight=451.81597410514951 33.477402141317725 38863.982285834849 39.676962248980999 9868.7561296969652 210.01893687993288 232.53255644440651 84.814339149743319 124.409434504807 67.044741839170456 505.70266266912222 95.77790517359972 271.26315478980541 1024.1808760613203 55.75441412627697
leaf_count=7591 568 177644 237 41011 1426 1010 1897 1001 274 2118 456 1123 4270 233
internal_value=3.13822e-05 -0.000410686 -0.00033284 -0.000501323 0.00416445 0.0318643 0.0423678 0.0522341 0.00313332 -0.00804212 0.000465928 0.00590722 0.00203561 -0.0298984
internal_weight=51929.2 51392.6 51359.1 51195 12331 442.551 536.63 164.086 11888.5 2019.72 1514.02 1418.24 1351.2 327.018
internal_count=240859 231371 230803 229565 51921 2436 9488 1238 49485 8474 6356 5900 5626 1356
is_linear=0
shrinkage=0.1


Tree=34
num_leaves=15
num_cat=0
split_feature=0 4 3 2 0 4 0 2 2 0 2 5 2 2
split_gain=87.8862 43.0064 45.6476 39.246 37.2483 31.1512 39.0991 29.2292 27.757 28.6221 34.103 26.3872 30.1861 26.1676
threshold=0.5661271941887297 2.5000000000000004 5.2500000000000009 98.442075000000173 3.9865022262630219 4.5000000000000009 1.3035720156554433 41.906625000000012 7.923349999999858 3.0771740282278484 119.25454999999992 5.5000000000000009 20.797625000000014 16.098549999999936
decision_type=2 2 2 2 2 2 2 2 2 2 2 2 2 2
left_child=-1 -2 5 4 -4 8 -7 -6 -3 11 -11 12 -10 -8
right_child=1 2 3 -5 7 6 13 -9 9 10 -12 -13 -14 -15
leaf_value=0.082139326163386484 -0.11880705396130918 -0.013685881479278817 0.040365655631248762 0.074892850771642747 -0.047542785666031068 0.039286707024886944 -0.0020862019720830206 0.012804017299746291 0.0044302994605265244 -0.0025898384837593786 -0.10302277646434102 -0.0065036708301616404 0.024750002064157554 0.0072642697478230147
leaf_weight=130.02971014380455 30.541070690378547 1892.0656201839447 294.79586198925972 126.47729348018765 121.32211463153362 304.42713612690568 5502.6966025233269 237.15018860250711 5074.0016096271574 28926.73280660063 33.849192261695862 1787.3064094893634 854.16651461645961 6562.0473694428802
leaf_count=3808 568 9131 2920 991 505 2956 22553 1103 23631 131091 150 8801 5100 27551
internal_value=2.96781e-05 -0.000176644 -0.000106588 0.0239057 0.0140342 -0.000474167 0.00389264 -0.00761988 -0.00187464 -0.00126532 -0.00270722 0.00414698 0.00735809 0.00299955
internal_weight=51877.6 51747.6 51717 779.745 653.268 50937.3 12369.2 358.472 38568.1 36676.1 28960.6 7715.47 5928.17 12064.7
internal_count=240859 237051 236483 5519 4528 230964 53060 1608 177904 168773 131241 37532 28731 50104
is_linear=0
shrinkage=0.1


Tree=35
num_leaves=15
num_cat=0
split_feature=0 4 3 0 3 4 5 2 0 0 2 0 2 2
split_gain=77.4761 38.5976 39.1986 34.1305 48.9975 30.1409 44.8748 45.3619 31.6999 29.9877 25.8064 33.7733 23.7163 22.9967
threshold=0.5661271941887297 2.5000000000000004 6.4500000000000011 1.4118604692519805 4.3500000000000005 3.5000000000000004 6.5000000000000009 13.89282499999999 7.8345357202275361 2.6027677575995924 51.683200000000063 4.8358815121933327 20.431925000000096 25.126450000000066
decision_type=2 2 2 2 2 2 2 2 2 2 2 2 2 2
left_child=-1 -2 3 4 12 6 7 9 13 -5 11 -4 -3 -7
right_child=1 2 10 5 -6 8 -8 -9 -10 -11 -12 -13 -14 -15
leaf_value=0.080136712303815749 -0.11786196224114612 0.0023512467977672025 0.063706881945839205 0.011484462052404325 0.068816569660387614 -0.00080639916618895503 -0.12551233642467521 0.00010500754198297118 -0.034274900801836032 -0.03670525183989768 0.073885000952955415 -0.081480175490061216 0.037685442039572144 0.0056526647854306406
leaf_weight=120.44807111099362 27.845020500943065 1074.1778502427042 33.939736343920231 157.29269507527351 150.7342815734446 40832.724371224642 33.943423308432102 1632.0282824188471 270.34963239729404 721.27397264540195 118.25648775696754 30.349007546901703 230.76595855131745 6372.4593563303351
leaf_count=3808 568 7431 322 714 2183 178541 244 7933 1530 3728 1093 129 2504 30131
internal_value=2.82396e-05 -0.000158443 -9.49982e-05 -0.000259038 0.0148351 -0.000698307 -0.0113015 -0.00975735 -0.00013001 -0.0280777 0.0461624 -0.00483207 0.00859974 6.55416e-05
internal_weight=51806.6 51686.1 51658.3 51475.7 1455.68 50020.1 2544.54 2510.59 47475.5 878.567 182.545 64.2887 1304.94 47205.2
internal_count=240859 237051 236483 234939 12118 222821 12619 12375 210202 4442 1544 451 9935 208672
is_linear=0
shrinkage=0.1


Tree=36
num_leaves=15
num_cat=0
split_feature=0 4 3 0 3 2 0 3 2 5 4 3 5 5
split_gain=68.1915 34.6597 34.0809 29.5395 45.725 56.0951 79.2825 52.0384 45.7214 43.7889 41.1 39.9697 37.3517 30.2632
threshold=0.5661271941887297 2.5000000000000004 6.6500000000000012 2.6027677575995924 2.350000000000001 18.614424999999958 4.7598792001449377 3.6500000000000008 24.292025000000084 5.5000000000000009 3.5000000000000004 4.5500000000000016 5.5000000000000009 6.5000000000000009
decision_type=2 2 2 2 2 2 2 2 2 2 2 2 2 2
left_child=-1 -2 3 8 -5 12 -7 -8 11 10 -9 13 -6 -3
right_child=1 2 -4 4 5 6 7 9 -10 -11 -12 -13 -14 -15
leaf_value=0.078063391074912267 -0.1169882958507539 0.0029530200657242982 0.049733480035519473 0.00042636844290479676 -0.013599941723599044 0.0070049444746412464 -0.030027122730422341 -0.037869875998676056 0.022507994131995699 -0.0296496601902317 0.028711259775823894 0.064188139892076321 -0.044063665400248669 -0.022225792305479136
leaf_weight=111.73483709618449 25.373816210776567 7024.6740605868399 136.95362083986402 33194.823454283178 2884.8621413558722 3815.3426700085402 1266.8447129577398 113.55265626311302 1279.7554847877473 308.08657758682966 505.17485637962818 102.24557891301811 467.73565779626369 512.16258956491947
leaf_count=3808 568 33242 1227 146418 13412 16915 6400 482 9445 1353 2163 1020 2089 2317
internal_value=2.62537e-05 -0.000142605 -8.51611e-05 -0.000217707 -0.00131437 -0.00748678 -0.0017048 -0.0168533 0.00501506 0.00115376 0.0164919 0.00208451 -0.0178501 0.001242
internal_weight=51749.3 51637.6 51612.2 51475.3 42556.4 9361.6 6009 2193.66 8918.84 926.814 618.728 7639.08 3352.6 7536.84
internal_count=240859 237051 236483 235256 189232 42814 27313 10398 46024 3998 2645 36579 15501 35559
is_linear=0
shrinkage=0.1


Tree=37
num_leaves=15
num_cat=0
split_feature=0 4 2 0 5 4 2 3 1 2 3 4 2 3
split_gain=59.9165 31.1373 30.6515 67.364 37.9784 34.6268 61.2242 32.8645 31.3452 27.7101 26.7923 25.1455 29.7947 33.4603
threshold=0.5661271941887297 2.5000000000000004 38.264749999999971 4.851236955663988 6.5000000000000009 5.5000000000000009 12.039174999999789 2.4500000000000006 2.5000000000000004 5.1162999999998542 6.3500000000000014 3.5000000000000004 13.89282499999999 3.9500000000000006
decision_type=2 2 2 2 2 2 2 2 2 2 2 2 2 2
left_child=-1 -2 4 10 5 11 -7 8 9 -6 -4 12 -3 -14
right_child=1 2 3 -5 7 6 -8 -9 -10 -11 -12 -13 13 -15
leaf_value=0.075917386425942313 -0.11617320594641185 -0.024866679191047798 0.020333831014552189 -0.0072880485221976836 0.11931018567182479 -0.037446714631697069 0.020772064489354355 -0.02696217289840272 -0.15745513007050782 -0.0051643560082154562 0.077901745838555303 0.00016828850807815266 0.0030917658368927754 -0.047393414980060042
leaf_weight=103.81580176204443 23.112095776945353 891.01578274741769 1549.3989835083485 1281.0720931962132 17.9959387332201 204.61547045409679 1541.1310015060008 899.28483237698674 13.441344246268271 2887.7406915649772 85.294802185148001 40682.123534871265 1357.971777047962 145.33079810068011
leaf_count=3808 568 4613 9337 6177 82 898 6550 4388 58 13017 1086 182883 6685 709
internal_value=2.38232e-05 -0.00012893 -7.6909e-05 0.0098819 -0.00067389 0.00014169 0.0139484 -0.0102474 -0.00509823 -0.00439345 0.0233376 -0.000417849 -0.010377 -0.00178886
internal_weight=51683.3 51579.5 51556.4 2915.77 48640.7 44822.2 1745.75 3818.46 2919.18 2905.74 1634.69 43076.4 2394.32 1503.3
internal_count=240859 237051 236483 16600 219883 202338 7448 17545 13157 13099 10423 194890 12007 7394
is_linear=0
shrinkage=0.1


Tree=38
num_leaves=15
num_cat=0
split_feature=0 4 2 0 3 0 2 4 5 2 5 0 4 2
split_gain=52.8586 27.9645 26.871 89.3316 52.8409 50.725 47.5796 59.9847 47.544 42.4032 39.4206 38.8529 38.4587 27.6542
threshold=0.71235522684177022 2.5000000000000004 16.098549999999936 4.9964987741417515 1.3500000000000003 2.5588376267173638 23.575925000000044 6.5000000000000009 6.5000000000000009 20.797625000000014 5.5000000000000009 5.9089339139923078 4.5000000000000009 10.609724999999914
decision_type=2 2 2 2 2 2 2 2 2 2 2 2 2 2
left_child=-1 -2 4 6 11 -6 7 8 -4 -5 12 -3 -11 -7
right_child=1 2 3 9 5 13 -8 -9 -10 10 -12 -13 -14 -15
leaf_value=0.057882225755138329 -0.11540545965171388 -0.00018449334849455354 0.0042556112650632572 0.00088425997513439021 0.0012182875174565613 -0.027753956517432544 0.014520506789728877 0.081458231418963897 -0.020207503375556785 0.002133968382638643 -0.021369841628570689 0.015644860246347363 -0.041545638738697391 -0.0098581055192131159
leaf_weight=157.40886674448848 21.044770579785109 12644.619160838425 9115.0117934495211 5073.4037233740091 4478.7004361860454 994.04197859764099 5388.8825250528753 96.222822979092598 870.3159257248044 1881.9725815057755 2355.3630390614271 1767.3145869672298 225.75549770891666 6574.6007831394672
leaf_count=5690 568 56070 40192 22111 20700 4812 28001 442 3923 8751 11024 7776 969 29830
internal_value=2.19489e-05 -0.000154944 -0.000107817 0.00224257 -0.0023292 -0.00721697 0.0069352 0.00288063 0.00212342 -0.00536996 -0.0124794 0.00175664 -0.00254449 -0.0122085
internal_weight=51644.7 51487.2 51466.2 25006.9 26459.3 12047.3 15470.4 10081.6 9985.33 9536.49 4463.09 14411.9 2107.73 7568.64
internal_count=240859 235169 234601 115413 119188 55342 72558 44557 44115 42855 20744 63846 9720 34642
is_linear=0
shrinkage=0.1


Tree=39
num_leaves=15
num_cat=0
split_feature=0 0 3 2 4 2 0 3 3 0 2 5 5 4
split_gain=47.3523 25.8219 51.0063 24.1314 23.7535 19.2649 54.6956 52.6636 38.0493 64.4165 31.1576 35.5082 44.3938 29.6139
threshold=0.5661271941887297 1.5620659396273442 4.3500000000000005 28.42034999999996 2.5000000000000004 15.61817500000001 5.0646865645419537 1.2500000000000002 1.5500000000000003 6.0441335193595807 21.184849999999987 6.5000000000000009 5.5000000000000009 6.5000000000000009
decision_type=2 2 2 2 2 2 2 2 2 2 2 2 2 2
left_child=-1 2 3 -2 -3 7 10 -6 9 -8 11 12 -7 -14
right_child=1 4 -4 -5 5 6 8 -9 -10 -11 -12 -13 13 -15
leaf_value=0.071910844427659285 0.0028079883586986779 -0.11254516377616666 0.061033629353542097 0.048819841643475387 0.0016637692116204567 -0.0013110428371374545 -0.0033264490886313379 -0.0078980218927202517 -0.012141507825096185 0.029578576017582695 0.0098899813185905454 -0.021477849559924416 0.013153824929711126 0.087987746249936591
leaf_weight=91.456356301903725 1679.0540854278952 18.932941821403801 185.26980168558657 122.28503332659602 12901.290662772954 6703.4233884066343 4933.8478903770447 10406.291371956468 3980.8117687404156 676.51514023542404 7007.8987344130874 648.47594733536243 2178.1325367167592 54.196572735905647
leaf_count=3808 10869 567 2846 1506 57220 29321 21487 46635 18740 2927 32676 2908 9095 254
internal_value=1.91923e-05 -0.000108485 0.0110703 0.00593153 -0.000557041 -0.0005142 0.00134728 -0.00260535 -0.00466417 0.000641342 0.00482223 0.00111674 0.00275645 0.0149706
internal_weight=51587.9 51496.4 1986.61 1801.34 49509.8 49490.9 26183.3 23307.6 9591.17 5610.36 16592.1 9584.23 8935.75 2232.33
internal_count=240859 237051 15221 12375 221830 221263 117408 103855 43154 24414 74254 41578 38670 9349
is_linear=0
shrinkage=0.1


Tree=40
num_leaves=15
num_cat=0
split_feature=0 3 2 4 5 2 0 3 2 3 0 5 2 0
split_gain=41.3763 23.3491 25.3848 22.6242 43.1008 28.39 25.2773 24.2196 74.6235 24.1917 25.7246 24.8497 55.9842 30.6236
threshold=0.5661271941887297 6.7500000000000009 51.683200000000063 3.5000000000000004 6.5000000000000009 13.89282499999999 2.6027677575995924 4.0500000000000016 35.387350000000062 4.9500000000000011 7.8345357202275361 5.5000000000000009 72.519525000000016 1.7964965897272194
decision_type=2 2 2 2 2 2 2 2 2 2 2 2 2 2
left_child=-1 3 -3 4 5 6 -2 8 -7 10 -5 -11 13 -13
right_child=1 2 -4 9 -6 7 -8 -9 -10 11 -12 12 -14 -15
leaf_value=0.069565255859432754 0.010805990896708575 -0.017859916491551203 0.080311080505671803 0.00015319438069679497 -0.12247113760281365 0.00091623515561363087 -0.030998150448287611 -0.028306295480293182 0.13508708203486372 0.030716908170648594 -0.035728597745004878 0.075707607708019445 0.04876862715898761 -0.062032993128255789
leaf_weight=85.402354191988707 182.33990284800529 41.116636635735631 73.287916406989098 47775.781020503491 33.228563862852752 1368.2792611774057 699.59293732233346 258.64492403529584 42.748424433171749 509.38379487022758 200.64129749685526 18.314786510542035 105.76123395748436 135.99611492827535
leaf_count=3808 889 303 807 215528 307 6947 3893 1345 217 3664 1271 317 788 775
internal_value=1.78459e-05 -9.76075e-05 0.0450287 -0.000198184 -0.00931515 -0.00784156 -0.0223551 -0.000175396 0.00498107 0.000285259 3.13381e-06 0.0178761 -0.00727432 -0.0456849
internal_weight=51530.5 51445.1 114.405 51330.7 2584.83 2551.61 881.933 1669.67 1411.03 48745.9 47976.4 769.456 260.072 154.311
internal_count=240859 237051 1110 235941 13598 13291 4782 8509 7164 222343 216799 5544 1880 1092
is_linear=0
shrinkage=0.1


Tree=41
num_leaves=15
num_cat=0
split_feature=0 4 3 2 4 0 2 5 2 5 3 0 0 2
split_gain=36.0746 22.1874 21.2266 22.0552 20.3243 29.0168 23.491 21.8759 20.3963 39.2567 27.7726 33.8799 31.2737 28.5226
threshold=0.5661271941887297 2.5000000000000004 6.7500000000000009 51.683200000000063 4.5000000000000009 1.3035720156554433 7.923349999999858 5.5000000000000009 45.037425000000162 5.5000000000000009 2.0500000000000003 5.5964721030306235 5.8531700812465726 15.826150000000043
decision_type=2 2 2 2 2 2 2 2 2 2 2 2 2 2
left_child=-1 -2 4 -4 6 -6 7 -3 10 -10 12 13 -7 -12
right_child=1 2 3 -5 5 8 -8 -9 9 -11 11 -13 -14 -15
leaf_value=0.067153724437639575 -0.11405487789561988 -0.018336848981910844 -0.014382211535405337 0.078543210919798628 0.034556461227184157 0.0030131655338370361 -0.0007128233505407696 0.006674146760821874 -0.021626295647121579 0.045138452824550188 -0.015733207202631161 -0.04942178912446471 0.02399878808331337 0.0036552498517063792
leaf_weight=79.909778960049152 17.076734969392419 1417.462909296155 40.675886176526546 68.644713215529919 291.59881789796054 7452.7168885692954 37030.729827361181 464.24071151949465 127.49319129437208 284.79681232571602 1196.0598799586296 168.44352795183659 784.91542640328407 2075.2709989137948
leaf_count=3808 568 6948 293 800 3090 30386 172589 2200 736 1549 4980 762 3187 8963
internal_value=1.6434e-05 -8.79012e-05 -5.00399e-05 0.0439676 -0.000143853 0.00338502 -0.00126668 -0.0121663 0.00263318 0.0244927 0.0018614 -0.00568555 0.00501276 -0.00343353
internal_weight=51500 51420.1 51403 109.321 51293.7 12381.3 38912.4 1881.7 12089.7 412.29 11677.4 3439.77 8237.63 3271.33
internal_count=240859 237051 236483 1093 235390 53653 181737 9148 50563 2285 48278 14705 33573 13943
is_linear=0
shrinkage=0.1


Tree=42
num_leaves=15
num_cat=0
split_feature=0 3 4 5 4 3 2 4 0 2 0 2 2 5
split_gain=31.8452 43.3904 19.8809 18.1999 37.8239 30.2336 50.1277 47.8896 46.4289 46.2072 34.9503 26.9123 28.1679 35.1488
threshold=1.1857908633281502 4.6500000000000012 2.5000000000000004 6.5000000000000009 3.5000000000000004 3.5500000000000003 87.130025000000145 5.5000000000000009 4.5228309718582258 38.264749999999971 4.1816922411822963 9.8327750000000709 21.741874999999869 7.5000000000000009
decision_type=2 2 2 2 2 2 2 2 2 2 2 2 2 2
left_child=1 -1 -2 -4 -5 7 8 9 -7 11 -11 -6 13 -13
right_child=2 -3 3 4 5 6 -8 -9 -10 10 -12 12 -14 -15
leaf_value=0.011956360058141192 -0.11341217443641448 0.089246264063262248 0.00031708902260085337 -0.12108789961216722 0.027309495587089262 -0.024881343887707574 0.063125332597372102 -0.031659754162896507 -0.10980712973632373 0.077806208011701697 0.012395373660093979 -0.019997998458263611 0.0031567870478148917 0.081670378200283486
leaf_weight=748.69912437535822 15.53482186142355 80.439148796722293 46219.375212445855 28.574552774429321 273.16976970434189 297.29785998910666 50.132683858275414 505.51072440296412 82.164978183805943 125.49701345711946 233.99601813405752 1177.2662037611008 1596.6435932740569 35.016073361039162
leaf_count=10087 568 2285 207527 244 1257 1520 334 2119 375 556 1184 5417 7233 153
internal_value=1.52972e-05 0.0194547 -0.000302986 -0.000268277 -0.00640984 -0.00566113 -0.0308542 -0.00291916 -0.0432703 0.00130234 0.0352299 -0.00265495 -0.00556901 -0.0170614
internal_weight=51469.3 829.138 50640.2 50624.6 4405.27 4376.69 429.596 3947.1 379.463 3441.59 359.493 3082.1 2808.93 1212.28
internal_count=240859 12372 228487 227919 20392 20148 2229 17919 1895 15800 1740 14060 12803 5570
is_linear=0
shrinkage=0.1


Tree=43
num_leaves=15
num_cat=0
split_feature=0 0 2 3 3 3 2 0 0 0 4 3 5 1
split_gain=29.5357 21.0719 44.7351 66.2183 45.0304 42.6632 51.8425 42.1539 38.2423 36.7083 32.3209 29.6984 33.7615 28.2135
threshold=0.5661271941887297 3.1277467928206728 12.039174999999789 0.95000000000000007 2.2500000000000004 1.9500000000000004 17.528649999999804 5.9287140258223188 2.1870070854107992 6.0441335193595807 5.5000000000000009 3.5500000000000003 5.5000000000000009 1.5000000000000002
decision_type=2 2 2 2 2 2 2 2 2 2 2 2 2 2
left_child=-1 2 10 8 -5 9 -7 -8 13 -3 -2 -9 -13 -4
right_child=1 5 3 4 -6 6 7 11 -10 -11 -12 12 -14 -15
leaf_value=0.063606626331041263 -0.0023556436608178303 -0.00014785541885003163 0.00027600119636411014 0.029214646060043016 0.0074822536767986019 -0.016707227025817527 0.0014917840623098967 -0.029895443950891387 -0.012743725457748678 0.014217727382882395 -0.049664493091215289 0.016958575954175874 -0.037303688122514438 -0.12098127565264893
leaf_weight=72.930742852389812 5328.9381318762898 24862.648329158314 27.898740082979202 1126.6980430474505 6199.9391423799098 3432.1949686314911 6346.3957279594615 820.25471876282245 567.59714370965958 1915.8275153674185 148.43273593857884 373.87576817814261 165.38587945140898 61.460819274187088
leaf_count=3808 25373 109496 115 4848 33925 16220 28227 4573 2372 8473 670 1699 806 254
internal_value=1.35081e-05 -7.67627e-05 0.00332216 0.00809715 0.0108243 -0.00128343 -0.00648458 -0.00193144 -0.0223169 0.00087991 -0.00363768 -0.0179115 0.00031691 -0.0831238
internal_weight=51450.5 51377.5 13461 7983.59 7326.64 37916.6 11138.1 7705.91 656.957 26778.5 5477.37 1359.52 539.262 89.3596
internal_count=240859 237051 67557 41514 38773 169494 51525 35305 2741 117969 26043 7078 2505 369
is_linear=0
shrinkage=0.1


Tree=44
num_leaves=15
num_cat=0
split_feature=0 0 3 5 3 2 4 2 3 3 2 0 3 5
split_gain=25.6022 18.437 32.6522 38.1242 52.8799 44.4703 33.2167 33.132 34.8706 31.6415 30.1683 29.7067 28.3247 26.6374
threshold=0.5661271941887297 2.6027677575995924 2.4500000000000006 5.5000000000000009 3.350000000000001 33.057825000000129 3.5000000000000004 45.037425000000162 4.2500000000000009 2.850000000000001 10.321474999999994 5.9713943093618509 4.7500000000000009 5.5000000000000009
decision_type=2 2 2 2 2 2 2 2 2 2 2 2 2 2
left_child=-1 12 13 4 -4 9 7 -6 -9 -5 -8 -7 -2 -3
right_child=1 2 3 5 6 11 10 8 -10 -11 -12 -13 -14 -15
leaf_value=0.061060852373430452 0.0031087590797685134 -0.0012905063793629259 -0.010012410086343052 -0.010935015602062443 -0.040043186662007305 0.0047830141593546123 0.10453391245887761 0.17446800984381983 0.0050744248747828713 -0.0397717434836787 0.013272715500754853 -0.029428459870492581 0.036956876820576294 0.0049526927091634917
leaf_weight=68.601934976875782 8595.4860081654042 24623.359371284954 3107.4423853680491 669.49741493165493 233.05293314252049 1121.2275583390146 36.917220249772072 13.952749684453009 94.18672714009881 881.52472817897797 1925.0392096340656 328.0778226191178 254.5488240364939 9459.4460617229342
leaf_count=3808 42884 110019 14629 3010 1160 5160 176 63 458 3919 8960 1808 3709 41096
internal_value=1.15655e-05 -7.00043e-05 -0.000934795 -0.00651487 -0.00150137 -0.0155559 0.00998184 -0.0188162 0.0269305 -0.0273244 0.0149899 -0.0029614 0.00408231 0.00044225
internal_weight=51412.4 51343.8 42493.7 8410.92 5410.59 3000.33 2303.15 341.192 108.139 1551.02 1961.96 1449.31 8850.03 34082.8
internal_count=240859 237051 190458 39343 25446 13897 10817 1681 521 6929 9136 6968 46593 151115
is_linear=0
shrinkage=0.1


Tree=45
num_leaves=15
num_cat=0
split_feature=0 4 2 0 4 0 2 3 5 4 3 2 0 3
split_gain=22.6253 17.9248 17.5125 54.2253 30.5465 25.5209 21.5009 20.7259 20.563 26.156 29.6566 20.6126 23.4059 38.9055
threshold=0.48466483264210497 2.5000000000000004 29.89164999999986 4.2023683797028015 6.5000000000000009 1.3035720156554433 16.658975000000087 3.5500000000000003 6.5000000000000009 5.5000000000000009 2.2500000000000004 9.8327750000000709 2.7164867016055925 2.350000000000001
decision_type=2 2 2 2 2 2 2 2 2 2 2 2 2 2
left_child=-1 -2 4 5 8 -4 -6 -7 11 10 -10 -3 -13 -14
right_child=1 2 3 -5 6 7 -8 -9 9 -11 -12 12 13 -15
leaf_value=0.068530596456586865 -0.11319882203285583 -0.0072139719670640673 0.063148603647590104 -0.0040888511028426893 0.0017907091034278502 0.025236154094433128 0.055963113964332713 0.0054258624681355607 0.00026413483036025149 -0.034846528549780625 -0.024479322813400921 0.0064795374758418386 0.00084376653222532753 -0.0087735191451717588
leaf_weight=48.144298740662634 13.998069420456885 3881.9640213930979 114.31609866395593 2613.004461824894 133.9553983155638 987.71250862628222 161.71264206245542 1134.9812920503318 2089.7016579322517 341.13033982552588 630.56059710029513 5491.1019980488345 28804.786584541202 4925.6474352478981
leaf_count=2836 568 18823 2352 12485 594 4350 768 7628 9592 1459 3126 27424 126501 22353
internal_value=1.0071e-05 -5.42037e-05 -2.33366e-05 0.00569463 -0.000620235 0.0171225 0.0314198 0.0146438 -0.000825438 -0.00874469 -0.00547143 -0.000262979 0.000424997 -0.000560643
internal_weight=51372.7 51324.6 51310.6 4850.01 46460.6 2237.01 295.668 2122.69 46164.9 3061.39 2720.26 43103.5 39221.5 33730.4
internal_count=240859 238023 237455 26815 210640 14330 1362 11978 209278 14177 12718 195101 176278 148854
is_linear=0
shrinkage=0.1


Tree=46
num_leaves=15
num_cat=0
split_feature=0 4 3 2 0 4 3 0 2 5 5 3 2 0
split_gain=19.7216 16.1294 16.6411 19.2361 18.299 15.5974 26.9763 24.0112 17.9646 16.6863 16.2674 64.202 40.8347 39.1675
threshold=0.48466483264210497 2.5000000000000004 6.7500000000000009 51.683200000000063 3.8920881276028809 4.5000000000000009 3.9500000000000006 6.9167694684442855 7.923349999999858 5.5000000000000009 5.5000000000000009 3.0500000000000003 20.920224999999935 5.1844478971739907
decision_type=2 2 2 2 2 2 2 2 2 2 2 2 2 2
left_child=-1 -2 5 4 -4 8 7 -7 9 -3 12 13 -10 -12
right_child=1 2 3 -5 -6 6 -8 -9 10 -11 11 -13 -14 -15
leaf_value=0.066138083660585975 -0.11259590762834513 -0.016059514003762893 0.08322749486917054 0.074287663995913356 -0.06052793521981345 0.0024945000398355942 0.02979826484862699 -0.061274088376303298 -0.0011163171937431974 0.0057711810843581127 0.006150014943689195 -0.021584313652342518 0.0092371117256743532 -0.010597072199378381
leaf_weight=45.058858773671091 12.730392384342847 1409.1757349586114 13.097769795916973 63.490860503166914 27.333974659442902 11924.558320140466 364.38259566109627 59.341198295354843 24608.316790564917 465.88045150786638 3925.2165029104799 1740.7162424195558 4507.1605245228857 2167.7743401452899
leaf_count=2836 568 7035 185 806 118 50882 2766 321 112961 2201 17825 9322 22748 10285
internal_value=9.40906e-06 -4.86867e-05 -2.07446e-05 0.0399549 -0.0139587 -0.000101928 0.00299375 0.00217873 -0.00108653 -0.0106354 -0.000601952 -0.00464711 0.000486424 0.000191709
internal_weight=51334.2 51289.2 51276.4 103.923 40.4317 51172.5 12348.3 11983.9 38824.2 1875.06 36949.2 7833.71 29115.5 6092.99
internal_count=240859 238023 237455 1109 303 236346 53969 51203 182377 9236 173141 37432 135709 28110
is_linear=0
shrinkage=0.1


Tree=47
num_leaves=15
num_cat=0
split_feature=0 3 4 5 5 4 3 4 2 2 0 0 4 2
split_gain=18.7162 41.8828 17.4035 15.2976 15.0019 34.8177 28.1932 41.3507 38.1304 28.5511 36.1707 26.2905 20.7501 20.1916
threshold=1.3606064822947144 4.5500000000000016 4.5000000000000009 8.5000000000000018 6.5000000000000009 3.5000000000000004 3.5500000000000003 5.5000000000000009 39.359825000000008 87.130025000000145 4.5228309718582258 4.1816922411822963 6.5000000000000009 9.8327750000000709
decision_type=2 2 2 2 2 2 2 2 2 2 2 2 2 2
left_child=1 2 -1 4 12 -6 7 8 13 10 -8 -10 -2 -7
right_child=3 -3 -4 -5 5 6 9 -9 11 -11 -12 -13 -14 -15
leaf_value=-0.00072764828244038728 5.6785804749980649e-05 0.074205915576530043 0.026646946486375108 0.085159721933393398 -0.1183479805082711 0.02371821984467545 -0.022761382419440979 -0.029987079348424331 0.074569856922491157 0.046251695556175643 -0.099031540372973015 0.013639502274829277 0.031473920347496874 -0.0046288003273135606
leaf_weight=856.5530218668282 45461.517276216298 99.688059867359698 318.63705962896347 20.939051926136017 27.385550699662417 275.75042268633842 286.45901602134109 483.67860242724419 107.35632684826851 43.64533107355237 79.418394558131695 208.05990806221962 211.20324658602476 2831.5150615945458
leaf_count=8242 204374 2874 4118 87 307 1256 1440 2045 464 303 375 1069 967 12938
internal_value=8.6254e-06 0.0119736 0.00669461 -0.000296227 -0.000332003 -0.00594815 -0.00523494 -0.00261802 0.00124965 -0.0301972 -0.0393168 0.034378 0.000202067 -0.00211318
internal_weight=51311.8 1274.88 1175.19 50036.9 50016 4343.27 4315.88 3906.36 3422.68 409.523 365.877 315.416 45672.7 3107.27
internal_count=240859 15234 12360 225625 225538 20197 19890 17772 15727 2118 1815 1533 205341 14194
is_linear=0
shrinkage=0.1


Tree=48
num_leaves=15
num_cat=0
split_feature=0 4 2 0 4 0 3 2 3 1 0 4 5 2
split_gain=16.2212 14.3512 14.2114 60.8021 25.2711 25.2376 77.2635 23.6967 23.5057 39.3511 25.5097 22.8009 20.8279 22.9383
threshold=0.48466483264210497 2.5000000000000004 24.834950000000166 4.7744790291687957 6.5000000000000009 5.9287140258223188 1.5500000000000003 16.658975000000087 2.850000000000001 1.5000000000000002 1.3035720156554433 5.5000000000000009 5.5000000000000009 43.45075000000012
decision_type=2 2 2 2 2 2 2 2 2 2 2 2 2 2
left_child=-1 -2 4 8 5 -3 -7 -6 9 -4 -10 -5 -12 -14
right_child=1 2 3 11 7 6 -8 -9 10 -11 12 -13 13 -15
leaf_value=0.062704601243811775 -0.1120120352761671 -0.0015256571483008084 0.025961473398682752 -0.0047984408371636962 -0.0010921494324053333 0.014275888647382468 -0.037060906697767203 0.057422208250132459 0.048650735278074987 -0.039160842536701691 0.013374661803810953 -0.046100107742777036 -0.014465160444707173 0.012158762541810031
leaf_weight=41.233028900809586 11.444357564672826 40759.063373699784 1423.4109688326716 2940.939711086452 132.85169229842722 2495.2384238392115 332.19832031428814 144.47164079919457 134.98766896594316 99.259745957329869 1259.4152909480035 140.02916094660759 857.57614542171359 519.72599775530398
leaf_count=2836 568 184780 6219 14192 594 10853 1602 702 2858 456 7394 604 4078 3123
internal_value=7.90413e-06 -4.25377e-05 -1.75291e-05 0.00404391 -0.000700427 -0.000891886 0.00824428 0.0293909 0.0117345 0.0217163 0.00625094 -0.00667559 0.00408026 -0.0044186
internal_weight=51291.8 51250.6 51239.2 7375.34 43863.8 43586.5 2827.44 277.323 4294.38 1522.67 2771.71 3080.97 2636.72 1377.3
internal_count=240859 238023 237455 38924 198531 197235 12455 1296 24128 6675 17453 14796 14595 7201
is_linear=0
shrinkage=0.1


Tree=49
num_leaves=15
num_cat=0
split_feature=0 2 3 3 0 3 2 4 0 3 3 5 1 1
split_gain=15.0194 30.3443 55.9039 36.5328 30.3086 27.1912 34.7942 26.8531 26.4302 23.0723 22.6803 21.9448 21.6929 19.3787
threshold=3.1277467928206728 12.039174999999789 0.95000000000000007 2.1500000000000008 2.1870070854107992 2.1500000000000008 24.292025000000084 5.5000000000000009 5.7850324110855924 2.6500000000000008 6.7500000000000009 6.5000000000000009 1.5000000000000002 2.5000000000000004
decision_type=2 2 2 2 2 2 2 2 2 2 2 2 2 2
left_child=1 7 4 -4 12 -2 -7 -1 9 -8 13 -11 -3 -5
right_child=5 2 3 10 -6 6 8 -9 -10 11 -12 -13 -14 -15
leaf_value=-0.0016789086081823422 0.00046004089900385453 -0.0021169216013733777 0.028868037848304939 0.0051179948255481306 -0.01261758888220175 -0.012020177890857874 0.020509668547102337 -0.04482777880961103 -0.012100708093551894 0.0053918692397948919 0.098492705940768616 -0.018857776785098243 -0.10859550915642413 0.030080026820755286
leaf_weight=5335.8816346805543 29049.433298346587 27.81789918243885 846.47966008074582 6101.3535462273285 567.08488361537457 4506.33997769095 766.03955286694691 148.23680543433875 1186.1882644114085 1844.3995442939922 26.848370129242539 467.84065060317516 61.288090333342552 327.7074980288744
leaf_count=26642 128260 115 3628 34121 2372 21013 3364 707 6294 8402 685 2161 254 2841
internal_value=7.18139e-06 0.00287825 0.00682219 0.00933458 -0.0211368 -0.0010133 -0.00589309 -0.00284523 0.000581509 0.00546849 0.00677341 0.000485385 -0.0753541 0.00639038
internal_weight=51262.9 13442.7 7958.58 7302.39 656.191 37820.2 8770.81 5484.12 4264.47 3078.28 6455.91 2312.24 89.106 6429.06
internal_count=240859 71365 44016 41275 2741 169494 41234 27349 20221 13927 37647 10563 369 36962
is_linear=0
shrinkage=0.1


Tree=50
num_leaves=15
num_cat=0
split_feature=0 5 5 4 4 3 2 2 0 2 0 4 3 3
split_gain=13.7408 12.7819 13.1532 31.1854 27.8066 25.9188 31.7407 22.5388 31.0104 18.5842 38.6313 40.1682 27.4148 29.6059
threshold=0.48466483264210497 8.5000000000000018 6.5000000000000009 3.5000000000000004 5.5000000000000009 3.7500000000000004 38.264749999999971 87.130025000000145 4.3671558250155451 15.61817500000001 3.8214853128768413 5.5000000000000009 1.0500000000000003 2.350000000000001
decision_type=2 2 2 2 2 2 2 2 2 2 2 2 2 2
left_child=-1 2 9 -4 5 6 -5 8 -7 -2 11 12 -11 -14
right_child=1 -3 3 4 -6 7 -8 -9 -10 10 -12 -13 13 -15
leaf_value=0.059776005864115959 -0.0015403238742976687 0.077906253229134442 -0.11671391223434054 -0.0026706715641954346 -0.026643551368247261 -0.020600539330453516 0.027348565253364418 0.041815699289815877 -0.099166038001731294 -0.026063504544076768 -0.00019392627843840967 0.041620425677378586 0.020461355227189643 0.0043383227294321895
leaf_weight=38.434808319434524 23766.482213786803 21.030170649290085 24.980135501362383 3147.9741325806826 508.58693347498775 214.22364278975874 396.59694842807949 39.335153071209788 65.631055392324924 241.4374962002039 16259.041950909421 353.47402966860682 1508.3750949818641 4649.4765498237684
leaf_count=2836 109156 87 307 14568 2252 1417 1982 303 304 987 72162 1823 6450 26225
internal_value=6.33316e-06 -3.85377e-05 -7.05684e-05 -0.00529949 -0.00466296 -0.00176965 0.000688138 -0.0290632 -0.0390256 0.000420969 0.00244658 0.0088043 0.00699165 0.00828768
internal_weight=51235.1 51196.6 51175.6 4397.33 4372.35 3863.76 3544.57 319.19 279.855 46778.3 23011.8 6752.76 6399.29 6157.85
internal_count=240859 238023 237936 21133 20826 18574 16550 2024 1721 216803 107647 35485 33662 32675
is_linear=0
shrinkage=0.1


Tree=51
num_leaves=15
num_cat=0
split_feature=0 3 2 2 3 5 3 2 0 0 0 2 4 2
split_gain=12.9018 30.3068 18.1561 15.4058 15.2379 32.7548 47.7969 31.7663 31.1404 28.6333 23.4664 21.5647 33.3311 18.5427
threshold=1.7516706306171745 4.1500000000000012 3.2639499999999946 31.00030000000007 2.5500000000000003 5.5000000000000009 3.2500000000000004 15.826150000000043 3.5267477935837332 4.2240383520986233 2.9043243607748881 33.057825000000129 3.5000000000000004 19.583699999999968
decision_type=2 2 2 2 2 2 2 2 2 2 2 2 2 2
left_child=1 2 -1 -4 -2 6 9 10 -9 13 -7 -10 -13 -6
right_child=4 -3 3 -5 5 7 -8 8 11 -11 -12 12 -14 -15
leaf_value=0.14060570938137609 0.0005736188365140345 0.03754897677267563 0.00088191757156254119 0.039389202681892443 -0.0074987159604803502 -0.022646211079762755 0.0086148346607581427 0.0026849270458634729 -0.031554636486140979 -0.02809795212290871 -0.075562746132838379 0.096264089274465225 -0.011439285276934054 0.012590508829110045
leaf_weight=9.5658658090978843 37683.674978993833 284.67694155871868 2367.4867889098823 108.66444656811655 2578.4386486457661 296.71213263273239 3478.7121535502374 1445.5840107575059 652.22920132055879 580.37065732758492 116.79048843681812 29.563713196665049 1023.4444991573691 559.08223891537637
leaf_count=75 167133 5482 15808 1502 11660 1271 16981 6906 3043 2955 574 181 4926 2362
internal_value=5.43716e-06 0.00664255 0.00310299 0.00257179 -0.000374118 -0.003693 0.000189736 -0.0115325 -0.00811252 -0.00769336 -0.0375921 -0.0172659 -0.00841546 -0.00391897
internal_weight=51215 2770.39 2485.72 2476.15 48444.6 10760.9 7196.6 3564.32 3150.82 3717.89 413.503 1705.24 1053.01 3137.52
internal_count=240859 22867 17385 17310 217992 50859 33958 16901 15056 16977 1845 8150 5107 14022
is_linear=0
shrinkage=0.1


Tree=52
num_leaves=15
num_cat=0
split_feature=4 5 2 0 3 3 2 5 2 3 2 2 0 3
split_gain=12.8442 27.383 22.4961 24.4455 27.5165 20.6459 32.3569 21.4531 17.5333 15.2594 53.2302 18.6372 17.3155 16.0967
threshold=3.5000000000000004 6.5000000000000009 13.89282499999999 4.1816922411822963 1.7500000000000002 5.3500000000000014 72.519525000000016 5.5000000000000009 33.789575000000077 3.9500000000000006 35.387350000000062 54.376600000000074 3.2261587065735147 4.5500000000000016
decision_type=2 2 2 2 2 2 2 2 2 2 2 2 2 2
left_child=1 2 3 -1 -5 -2 7 -7 -9 10 -4 -11 -13 -14
right_child=5 -3 9 4 -6 6 -8 8 -10 11 -12 12 13 -15
leaf_value=-0.0023312934396007715 0.00015432365600602486 -0.11538064602609942 0.0018913000545107126 -0.026022167695809645 -0.1004951261312121 0.01805138499932922 0.055639885064285938 0.05624540446211318 -0.056768981249668039 -0.036167340907742644 0.12024899390997164 -0.090103777286598075 0.1506282790654413 0.018190103323510697
leaf_weight=435.46147453039885 48095.747766903602 23.055917990393937 1345.7757959654555 371.30863351374865 57.264494238421321 250.8690046723932 172.19582519866526 16.567278590984643 80.090437576174736 207.05577841494232 39.102465017698705 12.46349257789552 10.719110086560248 63.799926497042179
leaf_count=2472 222258 307 6885 2020 345 2169 1755 220 638 1112 196 123 46 313
internal_value=4.59716e-06 -0.00689074 -0.00590711 -0.019018 -0.035973 0.000368545 0.0201928 0.00262919 -0.0373981 0.000840281 0.00523317 -0.0198496 0.0189937 0.0372405
internal_weight=51181.5 2566.01 2542.95 864.035 428.573 48615.5 519.723 347.527 96.6577 1678.92 1384.88 294.038 86.9825 74.519
internal_count=240859 13819 13512 4837 2365 227040 4782 3027 858 8675 7081 1594 482 359
is_linear=0
shrinkage=0.1


Tree=53
num_leaves=15
num_cat=0
split_feature=0 4 3 2 3 0 5 2 3 4 3 0 2 0
split_gain=11.316 10.7925 18.5079 19.7636 17.6722 21.2492 19.7691 33.8837 33.2817 25.661 13.8255 29.2866 41.2719 25.3758
threshold=0.48466483264210497 4.5000000000000009 6.6500000000000012 39.359825000000008 3.850000000000001 6.9167694684442855 6.5000000000000009 61.865700000000139 5.6500000000000012 5.5000000000000009 1.9500000000000004 2.3216588896735009 24.292025000000084 5.8531700812465726
decision_type=2 2 2 2 2 2 2 2 2 2 2 2 2 2
left_child=-1 2 -2 -4 5 10 -6 9 -9 -8 13 12 -12 -3
right_child=1 4 3 -5 6 -7 7 8 -10 -11 11 -13 -14 -15
leaf_value=0.05636184838571922 -0.00096354459564810179 0.0026956254859091511 -0.031019221035218016 0.069805813252607984 0.035849215596763705 -0.060470603370565826 -0.077917138905333458 0.11715288290621642 -0.10116268355980776 0.092609052742552669 0.0027745640148486928 -0.0082516021185613658 0.055519011197724205 0.021907111162768764
leaf_weight=35.602560648694634 38722.697109387722 7088.2694885674864 26.67440971173346 71.698825125582516 306.37520132027566 54.48609259724617 61.994869775138795 28.351718638092279 9.2647924441844207 10.289091508835552 1016.4573105145246 2801.7684554755688 173.70749461278319 761.39380104839802
leaf_count=2836 182807 28946 202 892 2475 311 438 185 90 61 5401 11668 1461 3086
internal_value=3.92363e-06 -3.53166e-05 -0.000853492 0.0424666 0.0025444 0.0018357 0.0227973 -0.0135883 0.0633827 -0.053644 0.00212239 -0.00266908 0.0104727 0.00455908
internal_weight=51169 51133.4 38821.1 98.3732 12312.4 11896.1 416.276 109.9 37.6165 72.284 11841.6 3991.93 1190.16 7849.66
internal_count=240859 238023 183901 1094 54122 50873 3249 774 275 499 50562 18530 6862 32032
is_linear=0
shrinkage=0.1


Tree=54
num_leaves=15
num_cat=0
split_feature=0 2 3 3 3 0 2 0 4 3 0 2 4 4
split_gain=10.5316 46.1575 32.1586 35.4031 28.024 38.598 30.8117 27.1784 22.8051 21.0719 20.0606 19.4235 47.1979 34.7619
threshold=4.0741624906230731 17.528649999999804 0.75000000000000011 2.350000000000001 1.6500000000000004 6.1349449874945821 15.934850000000013 5.8352120784018267 3.5000000000000004 3.5500000000000003 2.2435351565960526 10.988975000000012 4.5000000000000009 3.5000000000000004
decision_type=2 2 2 2 2 2 2 2 2 2 2 2 2 2
left_child=1 -1 10 -4 5 11 8 -8 -6 -9 -3 12 13 -2
right_child=4 2 3 -5 6 -7 7 9 -10 -11 -12 -13 -14 -15
leaf_value=-0.0016742771899605588 -0.10630641999895263 -0.059610088170493236 0.021518168361428305 0.0054590650908545235 -0.061862000295900381 0.018013715195728027 -0.00041849422602009326 -0.022701018033127664 -0.016213109480267003 0.0010145705045358461 -0.0071585535697707954 -0.00064806550702875651 -0.046405125886904819 0.066059429070497611
leaf_weight=14126.951465943828 12.581878003664313 88.933818742632866 1882.0857294071466 5072.880838769488 121.84464937262237 1223.7628546571359 5936.0695916693658 1125.0045655635186 1074.8772289156914 561.7307115085423 404.86496534943581 19281.521806299686 63.353944480419159 167.00989378988743
leaf_count=68111 79 368 8060 30212 736 5392 26576 6152 4992 2647 1678 84819 261 776
internal_value=4.42703e-06 0.00168431 0.00805404 0.00980482 -0.00122139 0.000785798 -0.00594337 -0.00360144 -0.0208609 -0.0148031 -0.0166051 -0.00029402 0.027805 0.0539838
internal_weight=51143.5 21575.7 7448.77 6954.97 29567.8 20748.2 8819.53 7622.8 1196.72 1686.74 493.799 19524.5 242.946 179.592
internal_count=240859 108429 40318 38272 132430 91327 41103 35375 5728 8799 2046 85935 1116 855
is_linear=0
shrinkage=0.1


Tree=55
num_leaves=15
num_cat=0
split_feature=0 3 0 3 5 2 3 4 2 0 2 5 0 2
split_gain=10.1861 16.4916 16.8868 16.2747 20.7331 33.5101 27.8095 22.8631 25.5663 29.5244 22.3687 18.9116 26.2363 33.568
threshold=2.6027677575995924 4.8500000000000014 1.3035720156554433 2.4500000000000006 5.5000000000000009 15.669249999999865 3.350000000000001 3.5000000000000004 10.321474999999994 4.0964618880199524 57.72792500000002 5.5000000000000009 4.9964987741417515 14.352274999999993
decision_type=2 2 2 2 2 2 2 2 2 2 2 2 2 2
left_child=1 -1 -3 11 6 -6 -5 10 -9 -10 -8 -2 13 -13
right_child=3 2 -4 4 5 -7 7 8 9 -11 -12 12 -14 -15
leaf_value=0.0024301845396868449 -0.0011343724392364938 0.079933182056046409 0.014244592068707297 -0.0071226220142576449 -0.051643150727882337 -0.0085287699299058072 -0.029705642060567042 0.092885002164702829 -0.0015652836838585182 0.023402956767795059 0.034600966417901016 -0.0045223106006207509 -0.0016883870987113693 0.013721561580420464
leaf_weight=8594.6755379131064 24589.437087203376 52.687344556674361 152.14710269123316 3063.9715863727033 192.91769342124462 2750.4320414206013 266.85986483097076 37.963561907410622 1021.7761891521513 882.74636059999466 67.843209829181433 1370.4899434298277 4257.579003597144 3818.668843833264
leaf_count=46343 110019 2017 2041 14629 949 12948 1343 176 5005 3955 338 6097 18679 16320
internal_value=2.8451e-06 0.00309851 0.031141 -0.00064082 -0.00461563 -0.0113546 -0.000901969 0.00746796 0.0116272 0.0100075 -0.0166709 0.000326661 0.00412967 0.00890324
internal_weight=51120.2 8799.51 204.834 42320.7 8284.51 2943.35 5341.16 2277.19 1942.49 1904.52 334.703 34036.2 9446.74 5189.16
internal_count=240859 50401 4058 190458 39343 13897 25446 10817 9136 8960 1681 151115 41096 22417
is_linear=0
shrinkage=0.1


Tree=56
num_leaves=15
num_cat=0
split_feature=5 5 4 2 4 0 3 2 3 5 0 3 2 0
split_gain=9.70311 10.8666 25.2329 26.866 25.1924 25.1856 19.6953 37.0769 34.1408 24.0333 20.8953 20.9893 20.473 19.7903
threshold=8.5000000000000018 6.5000000000000009 3.5000000000000004 4.5987000000000657 5.5000000000000009 1.4118604692519805 3.350000000000001 25.126450000000066 1.8500000000000003 7.5000000000000009 4.9964987741417515 1.3500000000000003 21.318974999999856 3.7476659402886976
decision_type=2 2 2 2 2 2 2 2 2 2 2 2 2 2
left_child=1 -1 -3 -4 6 -6 7 8 9 -5 11 -9 -11 -13
right_child=-2 2 3 4 5 -7 -8 10 -10 12 -12 13 -14 -15
leaf_value=0.0004213563706830742 0.067904517833014544 -0.11395940557043067 0.16647706894825962 -0.0028679658896098065 -0.18657237691760109 -0.022513131615202447 -0.019815744944375074 0.00018202073264474687 -0.031183341815418188 0.13530107577850234 -0.0027788675650101311 0.055740759716222603 0.014079583675359728 0.01837302794450452
leaf_weight=46687.705809449777 21.03608612716198 21.068840976804495 9.196812376379965 1460.5673895031214 9.5372726786881667 495.90496487170458 527.31558438483626 268.59905417263508 470.8165732556954 23.291042700409889 480.09423630684614 243.25530648138374 34.673241198062897 339.5803924202919
leaf_count=219396 87 307 40 6699 108 2155 3273 1126 2266 99 2454 1199 147 1503
internal_value=2.34635e-06 -2.56221e-05 -0.00478586 -0.00425864 -0.00461931 -0.0256088 -0.00186244 0.000988331 -0.00765628 -0.000361777 0.0139037 0.0233104 0.0627885 0.033969
internal_weight=51092.6 51071.6 4383.9 4362.83 4353.64 505.442 3848.19 3320.88 1989.35 1518.53 1331.53 851.435 57.9643 582.836
internal_count=240859 240772 21376 21069 21029 2263 18766 15493 9211 6945 6282 3828 246 2702
is_linear=0
shrinkage=0.1


Tree=57
num_leaves=15
num_cat=0
split_feature=4 2 2 5 3 2 5 0 0 4 5 2 2 3
split_gain=9.67589 27.3751 18.9552 15.0705 14.6086 10.2089 27.4893 26.3068 18.1108 17.1484 11.0309 19.8653 17.5561 21.5087
threshold=6.5000000000000009 27.546224999999996 16.658975000000087 6.5000000000000009 1.4500000000000004 29.89164999999986 8.5000000000000018 5.2873291934396125 1.3035720156554433 5.5000000000000009 6.5000000000000009 8.1777000000000175 21.741874999999869 3.1500000000000008
decision_type=2 2 2 2 2 2 2 2 2 2 2 2 2 2
left_child=5 2 3 -2 -4 10 7 8 -7 -9 -1 -12 -13 -14
right_child=1 -3 4 -5 -6 6 -8 9 -10 -11 11 12 13 -15
leaf_value=-0.00015010900630025038 0.012204564143148609 -0.066208499871928214 0.023408181194875591 -0.094431428951530283 0.086094548348442185 0.052119246561654467 0.17936889949770013 -0.0047320519953115711 0.0079235020536661521 -0.065920314574724401 0.024405238123502419 -0.015858892082834117 0.0041085512343735789 -0.038628584312086163
leaf_weight=43006.533757110126 118.00983731728047 34.86000803578645 81.199378952383995 14.929880321025847 68.569446990266442 95.627910094335675 8.9538468122482282 1527.1464068833739 3050.0261449874379 47.218356847763062 196.0151829328388 1516.0968218352646 1194.9298065952025 130.63608174584806
leaf_count=197686 557 202 366 60 407 2801 38 7891 16280 219 915 7161 5506 770
internal_value=1.80114e-06 0.0174027 0.0277126 0.00022874 0.0521082 -0.000107036 0.0043176 0.00398553 0.00926705 -0.00656721 -0.000561468 -0.00638536 -0.00850927 -0.000103244
internal_weight=51090.8 317.569 282.709 132.94 149.769 50773.2 4728.97 4720.02 3145.65 1574.36 46044.2 3037.68 2841.66 1325.57
internal_count=240859 1592 1390 617 773 239267 27229 27191 19081 8110 212038 14352 13437 6276
is_linear=0
shrinkage=0.1


Tree=58
num_leaves=15
num_cat=0
split_feature=0 2 1 4 5 2 0 2 0 3 2 2 3 2
split_gain=9.19272 8.48127 26.3387 8.23362 22.2819 17.5996 19.5631 22.3579 13.4915 14.9029 22.0194 21.0736 22.4994 20.8107
threshold=0.48466483264210497 7.923349999999858 2.5000000000000004 3.5000000000000004 6.5000000000000009 13.89282499999999 4.2023683797028015 11.307649999999969 5.6801716523205172 4.1500000000000012 54.376600000000074 40.588650000000094 2.5500000000000003 21.906900000000068
decision_type=2 2 2 2 2 2 2 2 2 2 2 2 2 2
left_child=1 2 -1 4 5 6 -2 -8 -7 11 -11 12 13 -10
right_child=3 -3 -4 -5 -6 8 7 -9 9 10 -12 -13 -14 -15
leaf_value=-0.47065063854798672 -0.0016424463063104034 0.073078574830719223 0.071401534422530805 0.00025877300703170536 -0.11273678881885783 -0.0036915707129393941 -0.1011972953698751 -0.024212583742143478 0.016602413659193533 -0.070623197517008268 0.032057293215717701 0.13900261701545585 -0.074724443815131825 0.08959684510204366
leaf_weight=1.223884381353854 434.79670196585357 28.440976154990494 3.3503497764468193 48492.21361345984 19.256908984389156 1292.7267360519618 41.957767161075026 373.88953206175938 212.46501594781876 42.066781232133508 41.476445626467466 16.213193252682686 22.260434051975608 47.855143471620977
leaf_count=97 2450 2461 278 224260 307 6657 256 2097 1109 208 196 78 147 258
internal_value=1.92056e-06 0.0527522 -0.0736302 -3.22028e-05 -0.00557651 -0.00475948 -0.0164734 -0.0319801 0.00118916 0.0176915 -0.0196457 0.028131 0.0217697 0.0300211
internal_weight=51070.2 33.0152 4.57423 51037.2 2544.96 2525.71 850.644 415.847 1675.06 382.337 83.5432 298.794 282.581 260.32
internal_count=240859 2836 375 238023 13763 13456 4803 2353 8653 1996 404 1592 1514 1367
is_linear=0
shrinkage=0.1


Tree=59
num_leaves=15
num_cat=0
split_feature=3 2 4 0 5 4 3 0 2 2 2 3 2 0
split_gain=8.39824 17.3862 12.8099 12.1135 11.3156 8.80953 17.8066 16.1073 15.2619 13.3425 15.2247 28.749 22.6361 29.7995
threshold=6.8500000000000014 37.269950000000001 4.5000000000000009 3.6251275837977075 6.5000000000000009 4.5000000000000009 3.850000000000001 6.9167694684442855 7.923349999999858 4.1123000000001051 12.854424999999994 1.0500000000000003 12.345200000000093 5.7391941942685349
decision_type=2 2 2 2 2 2 2 2 2 2 2 2 2 2
left_child=5 3 -3 -2 -4 8 7 9 -1 -7 11 12 13 -11
right_child=1 2 4 -5 -6 6 -8 -9 -10 10 -12 -13 -14 -15
leaf_value=-0.0096004054982893119 0.073609265398908483 0.074264295664172628 0.0791738437293944 -0.10946702175531398 -0.14638855380441776 0.030231636266461234 0.02290010612446396 -0.05406123037531007 -0.00034312630223457962 0.011966587024718298 0.0031902353341894162 -0.015543878782941209 -0.021293348381653941 0.12239082330752349
leaf_weight=1871.4067708067596 5.0943888393230763 55.155703885480762 3.78589796181768 12.438324030488728 5.391026146709919 163.05111837759614 405.09592711459845 51.800553858280182 36825.403804141795 698.49185054004192 9419.5286826584488 1308.9125350266695 212.4621869623661 25.324881881475449
leaf_count=9512 101 752 134 56 32 686 3559 311 175210 2875 40516 6144 868 103
internal_value=1.22748e-06 0.0320046 0.0560627 -0.0562715 -0.0533338 -5.01631e-05 0.0022829 0.00157985 -0.000790815 0.00182353 0.00142644 -0.00597344 0.00740598 0.0158301
internal_weight=51063.3 81.8653 64.3326 17.5327 9.17692 50981.5 12284.7 11879.6 38696.8 11827.8 11664.7 2245.19 936.279 723.817
internal_count=240859 1075 918 157 166 239784 55062 51503 184722 51192 50506 9990 3846 2978
is_linear=0
shrinkage=0.1


Tree=60
num_leaves=15
num_cat=0
split_feature=0 3 2 0 0 0 3 3 2 3 3 1 4 0
split_gain=8.95751 18.314 28.1285 21.3925 20.8675 19.2363 18.1691 17.698 15.4072 37.6683 29.4049 24.8783 21.4139 20.9319
threshold=3.1277467928206728 1.9500000000000004 17.528649999999804 5.4900910739182738 6.0441335193595807 5.9287140258223188 1.2500000000000002 6.7500000000000009 12.039174999999789 0.95000000000000007 2.2500000000000004 1.5000000000000002 5.5000000000000009 2.2163709074726357
decision_type=2 2 2 2 2 2 2 2 2 2 2 2 2 2
left_child=7 4 3 -3 -2 -4 -6 8 12 11 -11 -10 -1 -13
right_child=1 2 5 -5 6 -7 -8 -9 9 10 -12 13 -14 -15
leaf_value=-0.00094945939697702096 -0.00015495558238882602 -0.010681375934292355 0.0014293097679673543 -0.066252525454288877 0.014990289282694361 -0.011920776148655273 -0.011063651271379208 0.095162863792327509 -0.003232074066607798 0.021843214762663894 0.0042557098077718406 -0.091449147544703915 -0.03956093017906983 -0.025407821713580386
leaf_weight=5320.1082778368145 24821.340251793619 3287.4013814786449 6290.5993630466983 70.763848565518856 1605.8340647472069 1302.8712288681418 321.19985348638147 20.459481712430716 414.47011230885983 1126.8174070669338 6079.8376796199009 66.399717628955841 147.62168265134096 173.12659262120724
leaf_count=26637 109496 15853 28227 367 7001 7078 1472 690 1743 4862 35728 278 707 720
internal_value=1.21987e-06 -0.000787008 -0.00423154 -0.0118524 0.000623293 -0.000861269 0.0106476 0.00222735 0.00208469 0.0049203 0.00700566 -0.0180591 -0.00199192 -0.0437153
internal_weight=51048.9 37700 10951.6 3358.17 26748.4 7593.47 1927.03 13348.8 13328.4 7860.65 7206.66 653.996 5467.73 239.526
internal_count=240859 169494 51525 16220 117969 35305 8473 71365 70675 43331 40590 2741 27344 998
is_linear=0
shrinkage=0.1


Tree=61
num_leaves=15
num_cat=0
split_feature=0 3 5 2 3 0 4 0 2 5 0 2 4 2
split_gain=8.02076 16.9043 28.7534 33.8574 26.2669 17.5484 23.2418 17.3409 27.2108 17.3249 22.2775 31.6587 25.7283 28.5691
threshold=2.3724459951703829 2.6500000000000008 5.5000000000000009 30.421124999999908 3.1500000000000008 4.1604627145423789 3.5000000000000004 4.2240383520986233 11.593750000000059 5.5000000000000009 4.9964987741417515 18.375600000000023 4.5000000000000009 41.906625000000012
decision_type=2 2 2 2 2 2 2 2 2 2 2 2 2 2
left_child=-1 9 4 -4 7 -5 -7 8 -3 -2 -11 -12 13 -13
right_child=1 2 3 5 -6 6 -8 -9 -10 10 11 12 -14 -15
leaf_value=0.0032305915538758511 -0.00097752365785093182 -0.029519008043731577 -0.026290524570321112 0.0085817454276107333 0.0055408632180631127 0.081153345827298856 -0.016089429113331732 -0.028339466474990999 0.0027439711261281925 0.0077021107160790032 0.0082880129483833068 -0.020676832611058706 0.0032292561945332435 0.039075479541270206
leaf_weight=6681.7876236820593 26290.812316146214 338.77138511464 1131.5585397444665 674.78475454263389 3001.3302289466374 25.351559363538399 805.99812369793653 389.16745961457491 1144.8545605167747 6154.4838462080806 1857.7355031715706 1410.9425258375704 1033.4489209651947 84.828746862709522
leaf_count=40866 118028 1727 5174 3246 14420 166 3989 2045 5129 26643 7859 6771 4296 500
internal_value=7.28115e-07 -0.000485949 -0.00480932 -0.0132196 -0.000258013 -0.00339933 -0.0131241 -0.00955126 -0.00462296 0.000395787 0.00382088 -0.00162411 -0.00890465 -0.0172881
internal_weight=51025.9 44344.1 7511.82 2637.69 4874.12 1506.13 831.35 1872.79 1483.63 36832.3 10541.4 4386.96 2529.22 1495.77
internal_count=240859 199993 35896 12575 23321 7401 4155 8901 6856 164097 46069 19426 11567 7271
is_linear=0
shrinkage=0.1


Tree=62
num_leaves=15
num_cat=0
split_feature=0 3 4 2 1 4 2 2 3 5 2 2 2 0
split_gain=7.81512 7.76211 12.2862 14.3687 10.4334 7.2716 22.6991 15.2907 12.7055 12.097 8.91073 19.3009 8.08423 34.1855
threshold=0.48466483264210497 3.0500000000000003 4.5000000000000009 12.61797500000006 2.5000000000000004 6.5000000000000009 27.546224999999996 16.658975000000087 1.5500000000000003 6.5000000000000009 9.2775250000001126 12.460624999999995 24.034625000000123 4.851236955663988
decision_type=2 2 2 2 2 2 2 2 2 2 2 2 2 2
left_child=1 2 3 4 -1 12 7 9 -9 10 -7 -12 -2 -14
right_child=5 -3 -4 -5 -6 6 -8 8 -10 -11 11 -13 13 -15
leaf_value=-0.52031265558386897 -0.00066453851094770168 0.07368950138300577 0.1012591400518793 0.10119750928493909 -0.041128304762867933 0.086435775541168394 -0.060779071059932591 0.022443911340464476 0.082394618651886797 -0.085052443570183989 -0.069480003488554626 0.02732618379270628 0.0082293777019300761 -0.005269394596895554
leaf_weight=1.2865189258009224 42835.290302705951 25.489884703885764 2.6907491218298674 1.0860144942998884 0.70249503105878819 13.748472297564147 34.96693729609251 86.384131088852882 59.839561842381954 14.833422869443892 28.391468103975058 75.004108999855816 4692.2908467296511 3125.888609318994
leaf_count=93 194854 2365 226 93 59 60 183 394 351 60 120 354 26302 15345
internal_value=-2.45386e-07 0.0499883 -0.0547922 -0.191342 -0.351071 -3.09012e-05 0.0151602 0.0247049 0.0469777 2.78666e-05 0.0108012 0.000744101 -0.000124821 0.00283226
internal_weight=50997.9 31.2557 5.76578 3.07503 1.98901 50966.6 313.168 278.201 146.224 131.977 117.144 103.396 50653.5 7818.18
internal_count=240859 2836 471 245 152 238023 1522 1339 745 594 534 474 236501 41647
is_linear=0
shrinkage=0.1


Tree=63
num_leaves=15
num_cat=0
split_feature=5 4 2 4 3 2 0 0 2 2 0 4 2 3
split_gain=7.53871 20.5693 16.7174 19.6761 27.4543 24.4912 22.9661 20.403 21.8945 15.4009 16.8623 18.7857 15.3006 26.0626
threshold=6.5000000000000009 3.5000000000000004 87.130025000000145 5.5000000000000009 3.7500000000000004 38.264749999999971 4.3671558250155451 1.7516706306171745 20.095824999999994 9.0760750000000616 2.6717222909576503 4.5000000000000009 21.741874999999869 1.8500000000000003
decision_type=2 2 2 2 2 2 2 2 2 2 2 2 2 2
left_child=-1 -2 3 4 5 9 -6 8 -5 10 11 -3 13 -11
right_child=1 2 -4 7 6 -7 -8 -9 -10 12 -12 -13 -14 -15
leaf_value=0.00037351372839468274 -0.11173746243972527 -0.016831091787923493 0.053000754454499269 -0.0092396502060507358 -0.016393611717761315 0.024392950488883951 -0.085025650101890782 -0.018124734532878856 -0.20074942265409113 -0.004198375756851635 0.071512339466330441 0.049155869798279961 0.0021012740757030907 -0.037345387243494246
leaf_weight=46596.13413250912 17.638051860034466 115.4533127695322 51.693353938404471 11.072013502940537 214.66162504721433 387.42858214769512 63.085335932672024 492.83711806684732 12.954241160303352 939.02537514269352 53.683695092797279 68.883683316409588 1636.1749510811642 317.38194616511464
leaf_count=219396 307 540 403 62 1526 1967 304 2124 110 4348 250 284 7653 1585
internal_value=5.92888e-07 -0.0039649 -0.00352934 -0.00420694 -0.00171444 0.000675185 -0.0319822 -0.0225116 -0.112496 -0.00226001 0.0221908 0.00782714 -0.00427199 -0.0125717
internal_weight=50978.1 4381.97 4364.34 4312.64 3795.78 3518.03 277.747 516.863 24.0263 3130.6 238.021 184.337 2892.58 1256.41
internal_count=240859 21463 21156 20753 18457 16627 1830 2296 172 14660 1074 824 13586 5933
is_linear=0
shrinkage=0.1


Tree=64
num_leaves=15
num_cat=0
split_feature=0 3 3 3 2 4 2 1 3 2 2 3 0 0
split_gain=7.13014 20.9463 7.48003 12.4934 10.3586 7.01115 18.7846 11.9766 14.6265 14.4391 10.3801 9.00626 11.0761 9.23928
threshold=0.99641858642364789 4.6500000000000012 3.0500000000000003 2.6500000000000008 24.562799999999985 6.5000000000000009 27.546224999999996 1.5000000000000002 1.7500000000000002 16.205075000000054 16.658975000000087 1.3500000000000003 4.8673093182556109 3.0016662039607303
decision_type=2 2 2 2 2 2 2 2 2 2 2 2 2 2
left_child=1 2 3 -1 -5 -2 7 10 -9 -10 -7 12 -12 -13
right_child=5 -3 -4 4 -6 6 -8 8 9 -11 11 13 -14 -15
leaf_value=0.030097224532373196 -0.00019374150140839756 0.090362677301932065 0.017453454570662424 -0.04598685322194792 0.10524075409791211 -0.0065625401594555412 -0.053795185793183924 0.17190052317915 -0.043095124077403263 0.1209104493574797 -0.066997427340965476 -0.016872774073960064 0.031194374240238621 0.083748647137190935
leaf_weight=42.958925729617476 50293.567079801345 32.571831586305052 220.62407459970564 74.748226508498192 4.8215484945103517 109.93860110640526 35.206703819334507 11.405632987618445 11.731910936534407 9.8963833600282651 14.40504816174507 11.314476683735846 56.723946020007133 47.168554902076721
leaf_count=729 229917 1897 5414 1294 154 484 177 51 54 66 66 68 256 232
internal_value=2.52439e-07 0.0137251 0.00645073 -0.0133607 -0.0368232 -0.000101657 0.0149451 0.0238235 0.0802697 0.0319483 0.0160396 0.035211 0.0113086 0.0642818
internal_weight=50977.1 375.725 343.153 122.529 79.5698 50601.4 307.791 272.585 33.0339 21.6283 239.551 129.612 71.129 58.483
internal_count=240859 9488 7591 2177 1448 231371 1454 1277 171 120 1106 622 322 300
is_linear=0
shrinkage=0.1


Tree=65
num_leaves=15
num_cat=0
split_feature=1 5 3 2 0 4 0 0 2 2 4 2 3 5
split_gain=6.63741 21.9996 18.0262 16.4638 11.9656 10.3918 12.9243 10.6727 10.256 9.92743 11.5662 9.87923 9.7628 21.7286
threshold=2.5000000000000004 7.5000000000000009 3.4500000000000006 19.98930000000016 2.2959420724141633 5.5000000000000009 1.9921094347449859 1.6152863516553733 6.0226500000000849 14.180424999999703 5.5000000000000009 9.2775250000001126 2.5500000000000003 5.5000000000000009
decision_type=2 2 2 2 2 2 2 2 2 2 2 2 2 2
left_child=12 2 3 4 9 6 -4 -7 -6 10 -2 -12 -1 -14
right_child=1 -3 5 -5 8 7 -8 -9 -10 -11 11 -13 13 -15
leaf_value=0.0006224610716979175 0.0035599667745688335 -0.16740332135185138 0.049467743082528381 0.082510508456207277 0.063918890773367154 -0.12875842387338587 -0.012156988671029725 0.079436002636545489 -0.042979121404513189 0.036472154645815012 0.004702704872008738 -0.091652542229670439 0.00027335449035702269 -0.0088256306965715653
leaf_weight=37847.722016195534 580.53088433295488 7.1221860088407984 183.05507141491398 24.665896249003708 9.9491756260395032 7.5341968173161131 41.805102694779634 3.6576590314507484 91.667541220784187 83.927338683046401 18.748163595795631 24.606442431919277 8178.6821351996623 3864.6482721548527
leaf_count=168622 3313 36 2665 199 45 142 193 18 414 494 93 143 43192 21290
internal_value=1.05328e-06 0.00776707 0.00893289 0.00202849 -0.000424057 0.0333298 0.0380107 -0.0607175 -0.0325129 0.00418275 -0.000160935 -0.0499849 -0.000166634 -0.00264647
internal_weight=50968.3 1077.27 1070.15 834.095 809.43 236.052 224.86 11.1919 101.617 707.813 623.885 43.3546 49891.1 12043.3
internal_count=240859 7755 7719 4701 4502 3018 2858 160 459 4043 3549 236 233104 64482
is_linear=0
shrinkage=0.1


Tree=66
num_leaves=15
num_cat=0
split_feature=4 5 2 0 3 3 2 3 2 0 5 2 4 5
split_gain=6.46391 18.045 13.6039 16.7401 19.9858 12.8833 39.4506 11.9291 27.1919 17.6745 15.4872 14.1212 14.6293 58.594
threshold=3.5000000000000004 6.5000000000000009 13.89282499999999 4.2023683797028015 1.7500000000000002 3.9500000000000006 33.057825000000129 5.3500000000000014 72.519525000000016 1.3035720156554433 5.5000000000000009 72.519525000000016 4.5000000000000009 5.5000000000000009
decision_type=2 2 2 2 2 2 2 2 2 2 2 2 2 2
left_child=1 2 3 -1 -5 6 -4 11 9 -9 -11 -2 -13 -14
right_child=7 -3 5 4 -6 -7 -8 8 -10 10 -12 12 13 -15
leaf_value=-0.00092774524188871587 0.00026625936835467421 -0.11059078903306779 0.0016905057772413374 -0.020924930432859846 -0.088669943560614584 -0.018182531622593482 0.091535380525010424 0.10345553066863969 0.049657207953402172 0.0082994256432643628 -0.040488181423659994 -0.027827131682749126 -0.079909515295894185 0.070321893607858954
leaf_weight=433.24015175970271 47490.011331382208 16.059231018647552 1332.14514643047 358.84524017572403 49.56266697589308 290.39300410915166 50.734040452167392 15.610209641978143 159.74817619193345 229.86078523099422 90.756279598921537 339.41268219333142 41.522181306965649 69.276608919724822
leaf_count=2484 219580 307 6834 2013 340 1594 247 795 1755 1652 580 1951 261 466
internal_value=1.34595e-06 -0.0049252 -0.00425047 -0.0146207 -0.0291462 0.0009657 0.00498667 0.000258777 0.0156878 -0.000451723 -0.00551076 9.91531e-05 -0.0175278 0.0140222
internal_weight=50967.2 2530.98 2514.92 841.648 408.408 1673.27 1382.88 48436.2 495.975 336.227 320.617 47940.2 450.211 110.799
internal_count=240859 13819 13512 4837 2353 8675 7081 227040 4782 3027 2232 222258 2678 727
is_linear=0
shrinkage=0.1


Tree=67
num_leaves=15
num_cat=0
split_feature=2 0 3 1 4 0 3 2 4 2 5 0 3 0
split_gain=6.17121 26.8288 21.4125 27.0176 16.3972 15.4098 58.1367 14.8266 14.2891 14.2684 14.1884 13.7375 12.1111 18.0781
threshold=24.034625000000123 4.7744790291687957 2.9500000000000006 1.5000000000000002 5.5000000000000009 5.8531700812465726 1.5500000000000003 35.387350000000062 6.5000000000000009 17.139475000000036 5.5000000000000009 1.2412493470632737 4.5500000000000016 2.5352711886502419
decision_type=2 2 2 2 2 2 2 2 2 2 2 2 2 2
left_child=5 2 3 -2 10 8 -7 -5 12 -10 -3 -4 -1 -14
right_child=1 4 11 7 -6 6 -8 -9 9 -11 -12 -13 13 -15
leaf_value=-0.0013046711978415915 0.018747429210868884 0.0045690587917465485 0.03652130823833976 -0.040681896220323067 -0.036625056813158842 0.010008442855162709 -0.033684083655864339 0.084931849734953713 0.0026519389698981409 0.051797117187067712 -0.0089711642565583338 0.00029363203935300116 0.058401228141505383 -0.0041226954026070258
leaf_weight=39133.201286346186 1779.368093813071 1424.0676337415352 109.10281619010493 110.95617432519794 150.1174256876111 3202.408209574176 336.53709236159921 10.265939985867588 141.71105294208974 101.31095533911139 1695.056691568112 2576.8226556414738 84.621726928278804 101.96860013715923
leaf_count=179283 7815 6857 3411 537 668 14011 1681 69 674 558 8493 14806 1497 499
internal_value=1.25624e-06 0.00257897 0.00751285 0.0156354 -0.00434292 -0.000468559 0.00585349 -0.030044 -0.00103407 0.0231396 -0.00278924 0.00176521 -0.00118348 0.0242329
internal_weight=50957.5 7855.76 4586.52 1900.59 3269.24 43101.8 3538.95 121.222 39562.8 243.022 3119.12 2685.93 39319.8 186.59
internal_count=240859 42656 26638 8421 16018 198203 15692 606 182511 1232 15350 18217 181279 1996
is_linear=0
shrinkage=0.1


Tree=68
num_leaves=15
num_cat=0
split_feature=5 5 4 4 0 3 2 0 0 2 0 2 3 2
split_gain=6.13953 6.635 17.6367 17.22 14.4563 14.2897 23.6094 15.5664 13.7292 15.4259 13.4618 16.5889 12.3961 12.4513
threshold=8.5000000000000018 6.5000000000000009 5.5000000000000009 3.5000000000000004 1.4632839779072253 3.2500000000000004 38.264749999999971 4.1816922411822963 6.6925854486470042 57.72792500000002 3.377336228449872 36.291024999999969 3.9500000000000006 17.329475000000091
decision_type=2 2 2 2 2 2 2 2 2 2 2 2 2 2
left_child=1 -1 3 -3 -4 6 -5 -8 9 -9 -7 -12 13 -6
right_child=-2 2 4 5 12 10 7 8 -10 -11 11 -13 -14 -15
leaf_value=0.00032796295817064981 0.054616270238465693 -0.10963661023302405 -0.12574882461298295 -0.0011752352458986946 -0.055473823188716326 -0.0025459185101439951 0.06200674948569266 0.011653525797326531 0.071394425978490064 -0.086558220901740035 -0.07537442237337505 -0.017187028077781299 0.08323735828400558 -0.013523299169808309
leaf_weight=46567.79310590867 20.574748679995537 14.658121805405242 12.931402473710476 2950.8572552511469 86.389363095164299 337.69255231972784 93.960441936738789 154.33380369842052 33.558491982519627 17.841581538319588 67.877708472311497 176.13349156081676 11.661412194371222 390.8797895014286
leaf_count=219396 87 307 119 13714 380 2387 446 729 222 89 348 869 74 1692
internal_value=1.18792e-06 -2.08814e-05 -0.00375639 -0.00145622 -0.0213879 -0.00104243 0.00154076 0.028283 0.0128811 0.00147639 -0.0154773 -0.0333733 -0.0186277 -0.0211167
internal_weight=50937.1 50916.6 4348.78 3846.91 501.862 3832.26 3250.55 299.694 205.734 172.175 581.704 244.011 488.931 477.269
internal_count=240859 240772 21376 19111 2265 18804 15200 1486 1040 818 3604 1217 2146 2072
is_linear=0
shrinkage=0.1


Tree=69
num_leaves=15
num_cat=0
split_feature=3 2 4 0 5 0 5 5 2 3 2 4 2 0
split_gain=5.86507 15.0246 10.7241 8.28848 7.26768 6.29606 12.2766 16.745 11.3956 30.6141 10.9971 7.14889 6.86838 13.1604
threshold=6.8500000000000014 37.269950000000001 4.5000000000000009 3.8920881276028809 6.5000000000000009 7.8345357202275361 6.5000000000000009 5.5000000000000009 119.25454999999992 3.7500000000000004 119.25454999999992 4.5000000000000009 29.89164999999986 1.1857908633281502
decision_type=2 2 2 2 2 2 2 2 2 2 2 2 2 2
left_child=5 3 -3 -2 -4 12 7 10 9 -8 11 -7 -1 -14
right_child=1 2 4 -5 -6 6 8 -9 -10 -11 -12 -13 13 -15
leaf_value=-0.00031416500744174794 0.053682182034694631 0.069006447484802433 0.072659611615895028 -0.10129383214412165 -0.11792132998853314 0.0061417756785040693 0.14369430270154293 -0.06028649312110939 0.15842866096995376 -0.13514426826722387 -0.11006749817383131 -0.064940105863231443 0.049174659719531402 0.0031698575864475818
leaf_weight=46194.424599914812 4.8735043136402991 50.603928240016103 3.0893135769292694 11.823207553476093 5.6797056570649147 171.26717358734459 8.0616368963383156 76.272610910236835 7.3299681618809691 7.6966330097056916 9.4924112856388074 15.422960191965101 63.09274526592344 4305.2688689795323
leaf_count=213177 104 752 134 53 32 1013 70 517 36 53 46 102 2260 22510
internal_value=6.77842e-07 0.0277471 0.0513147 -0.0560588 -0.0507799 -4.08229e-05 -0.014594 -0.020527 0.0554192 0.00750434 -0.00506921 0.000269516 4.42417e-05 0.00383431
internal_weight=50934.4 76.0697 59.3729 16.6967 8.76902 50858.3 295.543 272.455 23.0882 15.7583 196.183 186.69 50562.8 4368.36
internal_count=240859 1075 918 157 166 239784 1837 1678 159 123 1161 1115 237947 24770
is_linear=0
shrinkage=0.1


Tree=70
num_leaves=15
num_cat=0
split_feature=0 2 1 2 3 3 0 0 5 2 4 3 4 3
split_gain=5.70092 6.76039 10.5718 5.52848 18.9419 26.0662 23.2479 20.503 19.6461 18.6141 18.172 17.357 12.7636 26.9767
threshold=0.48466483264210497 7.923349999999858 2.5000000000000004 10.463800000000022 1.2500000000000002 3.1500000000000008 4.7282977909603003 2.9043243607748881 5.5000000000000009 6.4127000000000303 4.5000000000000009 2.2500000000000004 5.5000000000000009 2.5500000000000003
decision_type=2 2 2 2 2 2 2 2 2 2 2 2 2 2
left_child=1 2 -1 4 6 7 8 9 10 11 -2 -6 -11 -14
right_child=3 -3 -4 -5 5 -7 -8 -9 -10 12 -12 -13 13 -15
leaf_value=-0.23231899851238125 -0.014008031784998667 0.067030895714238939 0.065173402385141285 0.00031665660768357979 -0.11139424676358972 0.009992877748443374 0.075435823127361676 -0.030455349222888697 0.01361394281842682 -0.0024504646997954441 0.013672338194452403 -0.024869742640715925 -0.11498310269510115 0.060037559621562479
leaf_weight=2.0905918069183853 832.18881786614656 23.509097686037421 2.7869617370888591 45972.919396462385 26.354750767350197 597.18482565553859 44.570372501388192 541.85117311682552 890.56645630300045 1424.4534937590361 331.70368365943432 192.73026248253882 27.686706384643912 12.91448172368109
leaf_count=97 4028 2461 278 214058 115 3440 202 2773 4052 6836 1365 957 129 68
internal_value=6.13929e-07 0.0448023 -0.0623363 -2.43741e-05 -0.00320957 -0.00855856 0.00398478 -0.0135355 0.00243468 -0.00809175 -0.00611926 -0.0352782 -0.00402628 -0.0593123
internal_weight=50923.5 28.3867 4.87755 50895.1 4922.21 2823.18 2099.03 2225.99 2054.46 1684.14 1163.89 219.085 1465.05 40.6012
internal_count=240859 2836 375 238023 23965 14318 9647 10878 9445 8105 5393 1072 7033 197
is_linear=0
shrinkage=0.1


Tree=71
num_leaves=15
num_cat=0
split_feature=0 2 3 3 3 0 2 3 2 4 4 3 3 3
split_gain=5.80918 23.3231 23.226 23.2166 15.7312 24.0169 21.3064 15.1633 14.9381 39.8488 23.1261 17.3011 14.8276 29.2373
threshold=4.0741624906230731 18.535725000000131 0.65000000000000024 3.5500000000000003 1.6500000000000004 5.8531700812465726 15.934850000000013 6.5500000000000016 10.988975000000012 4.5000000000000009 3.5000000000000004 1.0500000000000003 3.7500000000000004 2.7500000000000004
decision_type=2 2 2 2 2 2 2 2 2 2 2 2 2 2
left_child=1 -1 -3 -4 5 8 -6 -5 9 10 -2 -12 13 -8
right_child=4 2 3 7 6 -7 12 -9 -10 -11 11 -13 -14 -15
leaf_value=-0.000916433395074032 -0.095632351465414656 -0.016605161115709637 0.012085892426620476 -0.002414652168484987 -0.017008103647248737 0.0083185685963197298 -0.0013585893127828158 0.061745623716227417 -0.0012578077677796835 -0.044880263580279293 0.080073957508347948 0.012332302975556162 0.0072223656533535983 -0.019219284280571701
leaf_weight=14974.073176864069 10.558261155150829 415.52928026020527 4117.6357061057352 1905.9268315280788 1173.5302216550335 3366.464350551134 5148.3256319803186 37.560976748587564 17128.552150193835 62.501810222864151 110.46285407245159 57.237159878015518 1293.4322783735115 1115.0159175666049
leaf_count=72319 76 1724 19051 14327 5728 14720 23661 1008 75512 259 495 265 5933 5781
internal_value=2.66102e-07 0.00125216 0.00626596 0.00783392 -0.000911087 0.000588162 -0.00447203 -0.00117465 -0.000910121 0.0238256 0.0479156 0.0569533 -0.00252523 -0.0045382
internal_weight=50916.8 21450.7 6476.65 6061.12 29466.1 20735.8 8730.3 1943.49 17369.3 240.76 178.258 167.7 7556.77 6263.34
internal_count=240859 108429 36110 34386 132430 91327 41103 15335 76607 1095 836 760 35375 29442
is_linear=0
shrinkage=0.1


Tree=72
num_leaves=15
num_cat=0
split_feature=1 5 2 3 3 3 5 3 4 3 2 1 0 3
split_gain=5.713 17.1557 13.7902 13.7492 10.4866 11.3142 9.04319 16.112 14.5295 12.0859 8.63041 15.0751 9.34023 8.59618
threshold=2.5000000000000004 7.5000000000000009 14.180424999999703 3.5500000000000003 1.9500000000000004 2.7500000000000004 6.5000000000000009 1.7500000000000002 5.5000000000000009 2.7500000000000004 8.8730500000000365 3.5000000000000004 0.78803552197660587 2.5500000000000003
decision_type=2 2 2 2 2 2 2 2 2 2 2 2 2 2
left_child=13 2 3 6 -4 -6 7 -2 -9 -10 -5 -12 -13 -1
right_child=1 -3 4 10 5 -7 -8 8 9 -11 11 12 -14 -15
leaf_value=0.00058433654612196045 0.088418784295834454 -0.14696108327017937 -0.078083775813510711 0.066154220398703459 0.096961460159636859 0.026884935676931222 -0.092378568587026977 0.00014988200070663142 -0.097478876891815308 0.018352764713704759 0.030757853149288857 0.063506674763287294 -0.15718165491052383 -0.0024874033971645647
leaf_weight=37829.18820298533 19.631894528865814 7.1669043675065032 8.3126975148916227 49.60944094741717 26.763336126692593 165.60522900661454 10.980411887168883 668.71369533520192 28.41384288482368 13.1893093585968 59.597804213408381 2.5696589783765358 7.5597361363470554 12000.448303103447
leaf_count=168622 82 36 35 657 145 1895 49 3815 149 81 573 178 60 64482
internal_value=-3.1628e-07 0.00723601 0.00827764 0.00277115 0.0318825 0.0366344 -0.0023025 -0.000947509 -0.00341743 -0.0607572 0.0342721 0.0115886 -0.101197 -0.000155429
internal_weight=50897.8 1068.11 1060.95 860.266 200.681 192.369 740.929 729.949 710.317 41.6032 119.337 69.7272 10.1294 49829.6
internal_count=240859 7755 7719 5644 2075 2040 4176 4127 4045 230 1468 811 238 233104
is_linear=0
shrinkage=0.1


Tree=73
num_leaves=15
num_cat=0
split_feature=0 4 5 2 2 3 2 2 3 4 3 5 2 3
split_gain=5.56299 13.6336 21.6351 20.7472 15.5124 16.6644 12.8539 13.4059 16.5936 17.2631 13.1895 12.9815 10.7606 10.6506
threshold=2.6027677575995924 4.5000000000000009 5.5000000000000009 24.292025000000084 7.3633749999999916 2.350000000000001 19.68657499999998 14.180424999999703 1.3500000000000003 3.5000000000000004 4.1500000000000012 6.5000000000000009 4.5987000000000657 3.4500000000000006
decision_type=2 2 2 2 2 2 2 2 2 2 2 2 2 2
left_child=1 2 4 -3 -1 -6 7 8 11 -10 -11 -4 -2 -7
right_child=12 3 6 -5 5 13 -8 -9 9 10 -12 -13 -14 -15
leaf_value=-0.0097231663827404037 -0.022756163470416878 0.0043920998986098471 0.01541107992612455 0.028867783256096763 0.022581695646834779 -0.00040238058848235289 -0.02224417651262248 0.014826915751045331 -0.15756894411344674 -0.034515993180037147 0.074125921724641802 -0.024738694337504835 -0.00036106241621404358 0.011288299953788014
leaf_weight=800.73828977998346 215.6534900534898 1888.2699375622906 227.07086385786533 424.11854614922777 500.92066227365285 2569.5957797002047 589.65733042382635 281.13563932175748 10.827227689325808 180.74047485087067 11.911048843525348 124.78504937142134 41954.722201520344 1118.4896926307119
leaf_count=4182 1047 9990 1036 4043 2217 12465 4037 1433 50 949 133 592 189411 9274
internal_value=3.33487e-08 0.00229799 -7.47234e-05 0.00888122 0.00302978 0.00546753 -0.0109368 -0.00296579 -0.0119733 -0.0347041 -0.027799 0.00117204 -0.000475588 0.00314306
internal_weight=50898.6 8728.26 6415.87 2312.39 4989.74 4189.01 1426.13 836.47 555.335 203.479 192.652 351.856 42170.4 3688.09
internal_count=240859 50401 36368 14033 28138 23956 8230 4193 2760 1132 1082 1628 190458 21739
is_linear=0
shrinkage=0.1


Tree=74
num_leaves=15
num_cat=0
split_feature=5 2 1 2 3 3 4 2 5 3 3 2 0 5
split_gain=5.16214 19.9033 16.1484 24.9556 34.7194 20.8453 15.3427 13.8645 34.0242 20.1299 19.5383 17.4501 26.3079 16.6054
threshold=6.5000000000000009 4.5987000000000657 1.5000000000000002 38.264749999999971 3.2500000000000004 3.1500000000000008 3.5000000000000004 21.741874999999869 8.5000000000000018 3.0500000000000003 1.7500000000000002 37.269950000000001 2.8561687625208734 7.5000000000000009
decision_type=2 2 2 2 2 2 2 2 2 2 2 2 2 2
left_child=-1 -2 6 5 -5 -4 -3 10 9 -9 13 -11 -13 -8
right_child=1 2 3 4 -6 -7 7 8 -10 11 -12 12 -14 -15
leaf_value=0.00030852288357091423 0.14207051512046115 -0.1087155977688939 -0.0294599466350433 0.11952603136633362 -0.18398555644968392 0.026784088576105588 -0.0042243764463801041 0.007711770995928683 0.16065904648135904 -0.034132780583782128 -0.028082354615085077 0.051020227819627319 -0.01459128644923074 0.068024297933567832
leaf_weight=46523.859235903481 9.3992805629968625 13.34567912109196 287.2338877832517 4.7183803906664279 18.730893161846325 85.513622946105897 1112.5080373287201 1812.7637436538935 13.684030622243879 242.80861969199032 389.6383610740304 80.216638777172193 256.59541947767138 32.748406693339348
leaf_count=219396 40 307 1301 33 244 706 5131 8361 60 1257 1886 745 1255 137
internal_value=1.85757e-07 -0.00329003 -0.00360408 -0.0228516 -0.122914 -0.0165568 -0.0016756 -0.00131312 0.00342424 0.00252489 -0.00873931 -0.0136971 0.00103504 -0.00215844
internal_weight=50883.8 4359.91 4350.51 396.197 23.4493 372.748 3954.31 3940.96 2406.07 2392.38 1534.89 579.621 336.812 1145.26
internal_count=240859 21463 21423 2284 277 2007 19139 18832 11678 11618 7154 3257 2000 5268
is_linear=0
shrinkage=0.1


Tree=75
num_leaves=15
num_cat=0
split_feature=0 2 3 3 2 0 3 4 0 3 2 2 0 3
split_gain=5.01793 15.0682 11.008 10.2206 22.3709 16.3495 18.923 15.7946 14.1079 24.251 17.6601 15.2924 14.0155 17.7606
threshold=3.1277467928206728 119.25454999999992 6.7500000000000009 1.9500000000000004 24.292025000000084 5.1711604113583638 3.350000000000001 3.5000000000000004 6.1349449874945821 0.65000000000000024 14.352274999999993 37.269950000000001 5.9713943093618509 2.7500000000000004
decision_type=2 2 2 2 2 2 2 2 2 2 2 2 2 2
left_child=1 2 -1 8 5 -5 -7 -8 -2 10 -10 -11 13 -6
right_child=3 -3 -4 4 12 6 7 -9 9 11 -12 -13 -14 -15
leaf_value=0.0014318767906847491 -7.4216554769075861e-05 0.079336359598262948 0.090055283280008641 -0.0054819143104746053 0.014581441601319918 -0.030554302790468259 -0.059823382032842633 0.051446258620703747 0.0031284011073775086 -0.015206501006997386 0.029921591799197386 0.095450979039914646 -0.0076616825125401244 -0.00019922544124746723
leaf_weight=13235.02967614308 25357.851005868521 24.934439891250804 14.030391250504179 5697.2376026485581 1282.2068746828008 482.62820150982589 16.741869606077671 53.600435957312584 431.15439338237047 362.00640924903564 572.86895372369327 12.934843420982359 1115.1929389378056 2221.4050746785942
leaf_count=70325 111890 449 591 26548 5637 2436 98 239 1895 1670 2450 64 6193 10374
internal_value=3.5192e-07 0.00167189 0.00152573 -0.000589662 -0.00317531 -0.00707531 -0.023492 0.0249635 0.000461453 0.0103119 0.0184159 -0.011389 0.00210219 0.00521001
internal_weight=50879.8 13274 13249.1 37605.8 10869 6250.21 552.971 70.3423 26736.8 1378.96 1004.02 374.941 4618.8 3503.61
internal_count=240859 71365 70916 169494 51525 29321 2773 337 117969 6079 4345 1734 22204 16011
is_linear=0
shrinkage=0.1


Tree=76
num_leaves=15
num_cat=0
split_feature=0 2 3 3 4 2 1 4 5 2 2 3 0 1
split_gain=4.73588 19.3117 19.0704 22.9839 17.6013 15.2195 14.1055 23.9393 13.5976 34.9657 13.2981 12.2222 12.1712 12.9201
threshold=4.0741624906230731 17.528649999999804 0.75000000000000011 2.2500000000000004 3.5000000000000004 20.204249999999949 1.5000000000000002 3.5000000000000004 6.5000000000000009 36.291024999999969 24.834950000000166 4.5500000000000016 2.2435351565960526 1.5000000000000002
decision_type=2 2 2 2 2 2 2 2 2 2 2 2 2 2
left_child=1 11 12 4 5 -4 -5 10 -9 -10 -8 -1 13 -3
right_child=-2 2 3 6 -6 -7 7 8 9 -11 -12 -13 -14 -15
leaf_value=-0.001247910548668193 -0.00082303374842403795 0.0018891896993002472 0.020694110074579997 0.0015388231872889837 0.018635320927104421 -0.10458851906867468 -0.16332332013841586 0.02850087442069156 0.023288680663517542 -0.10372884671806309 0.019405799949681807 0.041448026933431983 -0.006448258586312392 -0.077564949570035499
leaf_weight=13983.817593188956 29443.279002704658 32.824208706617355 17.403533063828945 4640.9917284660041 1592.0013176682405 21.896573439240456 11.147275981958957 477.73171800537966 81.979873775038868 29.461490100249648 6.1965341633185735 67.369323995197192 403.55481946468353 54.359039932489395
leaf_count=67081 132430 135 80 25393 6774 103 76 4828 638 312 68 1030 1678 233
internal_value=2.70346e-09 0.00113128 0.00527728 0.00663599 0.0170033 -0.0491088 0.0034131 0.0177548 0.0211635 -0.0102906 -0.0980385 -0.0010432 -0.0137682 -0.0476507
internal_weight=50864 21420.7 7369.55 6878.81 1631.3 39.3001 5247.51 606.517 589.173 111.441 17.3438 14051.2 490.738 87.1832
internal_count=240859 108429 40318 38272 6957 183 31315 5922 5778 950 144 68111 2046 368
is_linear=0
shrinkage=0.1


Tree=77
num_leaves=15
num_cat=0
split_feature=2 3 3 5 2 4 2 5 2 0 0 3 2 0
split_gain=4.65283 9.54617 8.62367 7.98845 12.2675 10.9719 22.0816 13.4302 21.4342 22.4498 16.4 21.7012 25.1007 17.1954
threshold=41.906625000000012 6.9500000000000011 2.350000000000001 6.5000000000000009 5.1162999999998542 5.5000000000000009 11.410050000000014 5.5000000000000009 13.368500000000383 4.2870619309732447 5.8531700812465726 2.5500000000000003 14.180424999999703 3.7724991711652902
decision_type=2 2 2 2 2 2 2 2 2 2 2 2 2 2
left_child=3 2 -2 5 -5 -1 -7 10 -9 -10 11 12 -8 -14
right_child=1 -3 -4 4 -6 6 7 8 9 -11 -12 -13 13 -15
leaf_value=-0.00013856853558008152 0.032292760030266945 0.051109377547229932 0.0021757770883986819 0.074991988134596302 -0.0049487677860025059 -0.027966686670012782 0.047926769546874644 -0.035840249556508552 0.028038373281483578 -0.00089006297906115903 0.082763078066780515 0.10405349523375462 0.049359430629415078 -0.031649320835106153
leaf_weight=43040.28941388661 99.682273281738162 43.07905149157159 2057.3086140949745 19.29213884472847 3867.1639602156356 155.26203276403248 110.16754395514727 108.14617925928906 449.90419158479199 664.46414612233639 48.76929134875536 27.90727643109858 33.293899528682232 123.02830329537392
leaf_count=200232 487 778 12988 83 18599 727 456 475 2284 2746 204 147 152 501
internal_value=3.29931e-07 0.0044985 0.00356759 -0.000203098 -0.00455195 0.000174497 0.00800418 0.0115713 0.00666428 0.0107892 0.0290522 0.0201545 0.0113685 -0.0143959
internal_weight=50847.8 2200.07 2156.99 48647.7 3886.46 44761.2 1720.94 1565.68 1222.51 1114.37 343.166 294.397 266.49 156.322
internal_count=240859 14253 13475 226606 18682 207924 7692 6965 5505 5030 1460 1256 1109 653
is_linear=0
shrinkage=0.1


Tree=78
num_leaves=15
num_cat=0
split_feature=3 5 3 2 1 4 4 0 3 2 2 0 2 3
split_gain=4.63508 13.3128 26.275 16.6559 22.4865 19.6403 20.0124 17.7016 16.973 16.4594 27.6225 14.0667 13.6112 18.7005
threshold=2.5500000000000003 5.5000000000000009 3.2500000000000004 34.54705000000002 2.5000000000000004 4.5000000000000009 5.5000000000000009 4.7905114549492529 5.3500000000000014 9.4637000000001041 12.345200000000093 4.3278227782531298 14.663150000000032 3.6500000000000008
decision_type=2 2 2 2 2 2 2 2 2 2 2 2 2 2
left_child=-1 2 11 4 7 -6 -7 8 12 -8 -11 -2 -3 -14
right_child=1 3 -4 -5 5 6 9 -9 -10 10 -12 -13 13 -15
leaf_value=0.000555182920890693 -0.0027569296965895876 -0.030414180744187252 0.0062555388011917195 0.0018675337964227227 -0.028599557690022571 0.067554142432436196 0.1083397021978863 -0.041265745280491511 0.10154266829503591 -0.18724859561469279 0.0096682956967743192 -0.020550504498792019 -0.0029911611347913994 -0.02791353296735943
leaf_weight=38006.146771057509 4098.8303379346617 337.98524462478235 4200.3389743582811 1519.2204518790822 56.441489732358605 94.177800711942837 8.9000336984172446 217.97217732295394 13.239235982997341 9.7563028708100301 26.398272116202861 498.30243874480948 1363.57144461805 386.39014398911968
leaf_count=169548 19940 1816 25408 9339 498 935 59 1186 124 75 250 2685 6706 2290
internal_value=3.68426e-07 -0.00164296 0.000538203 -0.00639963 -0.0113939 0.0211602 0.0413316 -0.0141405 -0.0113266 -0.0134814 -0.0434697 -0.00468565 -0.0120423 -0.008494
internal_weight=50837.7 12831.5 8797.47 4034.05 2514.83 195.674 139.232 2319.16 2101.19 45.0546 36.1546 4597.13 2087.95 1749.96
internal_count=240859 71311 48033 23278 13939 1817 1319 12122 10936 384 325 22625 10812 8996
is_linear=0
shrinkage=0.1


Tree=79
num_leaves=15
num_cat=0
split_feature=4 2 1 3 2 2 2 0 1 0 4 3 2 3
split_gain=4.63183 14.4544 8.94263 14.7622 18.5465 7.2403 4.53522 11.429 7.15402 7.58988 8.59278 9.61587 8.5899 8.53336
threshold=6.5000000000000009 27.546224999999996 1.5000000000000002 1.7500000000000002 11.410050000000014 12.61797500000006 29.89164999999986 1.3035720156554433 2.5000000000000004 5.2873291934396125 5.5000000000000009 3.5500000000000003 35.387350000000062 4.5500000000000016
decision_type=2 2 2 2 2 2 2 2 2 2 2 2 2 2
left_child=6 2 5 -4 -5 -2 -1 -8 9 13 -11 12 -12 -9
right_child=1 -3 3 4 -6 -7 7 8 -10 10 11 -13 -14 -15
leaf_value=-0.00037526368006287063 -0.029404736278016624 -0.047653776959415493 0.16504493334608572 -0.12700192006604036 0.07665691281397824 0.020461149756064573 0.040575104096456503 0.0082417357185689284 -0.085720412064436535 -0.0019327482460125217 0.00047384136755356903 0.039169739602432412 -0.10222761703722844 -0.0044800680636087487
leaf_weight=45878.441862272099 34.016705349087715 35.562963953707367 10.7497471421957 6.0636511500924852 17.02984375320375 202.15742887370288 79.165133368689567 2325.3840635647066 9.2254431415349227 1499.1206860435195 12.048037089407442 10.563263460993765 25.132220238447189 681.86256725061685
leaf_count=212038 138 202 51 34 186 981 2801 10854 85 7891 55 51 127 5365
internal_value=3.74295e-07 0.0122749 0.0201679 0.0682426 0.0231823 0.0132789 -7.38691e-05 0.00290459 0.00225108 0.00242929 -0.00326283 -0.0450268 -0.0689478 0.0053572
internal_weight=50826.5 305.58 270.017 33.8432 23.0935 236.174 50520.9 4642.5 4563.34 4554.11 1546.86 47.7435 37.1803 3007.25
internal_count=240859 1592 1390 271 220 1119 239267 27229 24428 24343 8124 233 182 16219
is_linear=0
shrinkage=0.1


Tree=80
num_leaves=15
num_cat=0
split_feature=0 2 1 3 5 3 0 2 2 4 3 0 3 2
split_gain=4.32918 5.69829 6.48532 4.67152 14.0829 20.7919 14.6064 16.1653 14.5022 30.8934 20.6098 24.6805 20.3689 28.9487
threshold=0.48466483264210497 7.923349999999858 2.5000000000000004 2.6500000000000008 5.5000000000000009 3.350000000000001 4.3484709956489391 19.98930000000016 43.45075000000012 4.5000000000000009 6.1500000000000012 7.8345357202275361 5.3500000000000014 66.877400000000065
decision_type=2 2 2 2 2 2 2 2 2 2 2 2 2 2
left_child=1 2 -1 -2 5 6 7 -5 -6 10 -10 -12 -11 -14
right_child=3 -3 -4 4 8 -7 -8 -9 9 12 11 -13 13 -15
leaf_value=-0.16424233599593496 0.00050221846545617146 0.063327491439055264 0.060960891327339645 -0.0050644462551824171 -0.010586989133876439 0.0060107288588412246 -0.022042330706965416 0.013012342526878449 -0.0118308604858379 0.043025497946537289 0.096396188701530758 -0.12052347165446209 -0.20089562793829183 0.016712060803702914
leaf_weight=2.6173372240737107 39159.348939185729 21.247599306982011 2.5002951044589281 3218.4679621746764 2732.9467630095314 3740.9170411569066 415.06183036137372 584.54922424815595 637.18994237692095 232.02021168963984 33.490138894412667 6.2191608846187583 8.4824120635166782 21.888951521832496
leaf_count=97 174972 2461 278 15545 14573 21877 2288 2753 3649 1559 434 30 70 273
internal_value=5.7169e-07 0.0405117 -0.054216 -2.04575e-05 -0.00178017 0.000583403 -0.00422997 -0.00228592 -0.00690285 0.00381647 -0.00747488 0.0624228 0.0329451 -0.0440635
internal_weight=50816.9 26.3652 5.11763 50790.6 11631.2 7959 4218.08 3803.02 3672.24 939.291 676.899 39.7093 262.392 30.3714
internal_count=240859 2836 375 238023 63051 42463 20586 18298 20588 6015 4113 464 1902 343
is_linear=0
shrinkage=0.1


Tree=81
num_leaves=15
num_cat=0
split_feature=4 5 2 0 2 2 3 3 2 2 2 0 3 2
split_gain=4.28761 13.0764 10.2695 14.5112 17.9546 14.3246 22.4775 12.9257 31.8134 10.4464 26.3214 10.319 27.4394 20.2696
threshold=3.5000000000000004 6.5000000000000009 13.89282499999999 4.1816922411822963 11.307649999999969 12.169725000000144 1.2500000000000002 3.9500000000000006 33.057825000000129 35.387350000000062 21.741874999999869 5.6936192356004947 2.5500000000000003 22.068450000000102
decision_type=2 2 2 2 2 2 2 2 2 2 2 2 2 2
left_child=1 2 3 -1 -5 6 -6 8 11 10 -9 -4 13 -13
right_child=-2 -3 7 4 5 -7 -8 9 -10 -11 -12 12 -14 -15
leaf_value=0.00019491713173106181 0.00021053185429454376 -0.10792723800810139 -0.0023410462427867133 -0.092268476965076465 0.050188178301120559 -0.029144111957149055 -0.08950458102065588 0.022431423531695843 0.082475557906128608 -0.0010366441085017436 -0.072088248527646046 0.014281632243152473 -0.12140385771492475 0.090093986977063667
leaf_weight=428.45838179020211 48294.002049310599 12.054947976721449 1065.5225867275149 37.369884093757719 55.46219427883625 294.88776911655441 14.537945046555249 45.134756371378899 51.065870376769453 158.78862877003849 84.84632046893239 208.51447729673237 13.090567751787601 42.445601760409772
leaf_count=2472 227040 307 5431 258 312 1694 101 261 247 892 441 1077 102 224
internal_value=1.01055e-06 -0.00402681 -0.00352583 -0.0126114 -0.0262517 -0.0194907 0.0211762 0.000995221 0.00501943 -0.018245 -0.0392671 0.00204452 0.0197416 0.027104
internal_weight=50806.2 2512.18 2500.12 830.716 402.258 364.888 70.0001 1669.41 1380.64 288.77 129.981 1329.57 264.051 250.96
internal_count=240859 13819 13512 4837 2365 2107 413 8675 7081 1594 702 6834 1403 1301
is_linear=0
shrinkage=0.1


Tree=82
num_leaves=15
num_cat=0
split_feature=1 0 2 3 4 0 5 4 4 2 2 3 2 3
split_gain=4.11757 14.485 15.641 10.9519 15.2722 12.8578 8.83693 7.16354 7.95561 11.3846 14.2939 10.1032 6.63806 6.75114
threshold=2.5000000000000004 2.2435351565960526 5.5698249999999812 3.7500000000000004 5.5000000000000009 1.8754466134763736 6.5000000000000009 6.5000000000000009 5.5000000000000009 12.169725000000144 18.375600000000023 2.7500000000000004 19.782100000000018 3.0500000000000003
decision_type=2 2 2 2 2 2 2 2 2 2 2 2 2 2
left_child=-1 3 -3 7 5 -5 -4 8 12 11 -11 -10 -2 -14
right_child=1 2 6 4 -6 -7 -8 -9 9 10 -12 -13 13 -15
leaf_value=-0.00013137086138168396 0.0069940364327222204 0.085105319325487871 -0.025361091249519015 0.063333221476652865 -0.12793714052795932 -0.037756768879520924 -0.1193707768154731 0.095865368675113666 -0.10800979276000687 0.072537466380504886 -0.08696055922728857 0.0099346326308243325 -0.0011375885669317213 0.11255625389233687
leaf_weight=49743.773657126119 716.0937253232114 12.234840735793112 122.58194452524185 88.766857543261722 5.1194440149702123 14.659903099760411 10.887051269412039 8.9342465535737556 21.846169489435852 17.159944362007085 8.3542505074292404 10.879782313480971 9.1672520982101577 12.138217707630245
leaf_count=233104 4326 53 558 1930 102 77 50 91 109 115 57 71 74 142
internal_value=-2.39629e-08 0.00617068 -0.0231096 0.0108429 0.0406593 0.0490045 -0.0330295 0.00682027 0.00582038 -0.0297607 0.0203122 -0.068799 0.00863059 0.0636364
internal_weight=50802.6 1058.82 145.704 913.12 108.546 103.427 133.469 804.574 795.639 58.2401 25.5142 32.726 737.399 21.3055
internal_count=240859 7755 661 7094 2109 2007 608 4985 4894 352 172 180 4542 216
is_linear=0
shrinkage=0.1


Tree=83
num_leaves=15
num_cat=0
split_feature=0 2 2 3 5 4 2 5 2 0 1 3 3 0
split_gain=3.84506 14.7375 10.3552 13.5018 14.2407 18.3917 8.81151 8.83118 10.6742 22.2574 10.5876 14.1187 10.7677 11.3492
threshold=2.8311393466097732 119.25454999999992 87.130025000000145 3.9500000000000006 5.5000000000000009 4.5000000000000009 6.4127000000000303 5.5000000000000009 3.2639499999999946 1.8337120820892234 2.5000000000000004 0.95000000000000007 1.7500000000000002 1.1261438629233829
decision_type=2 2 2 2 2 2 2 2 2 2 2 2 2 2
left_child=1 2 6 -4 -5 -6 7 8 9 -1 11 -10 -12 -14
right_child=-2 -3 3 4 5 -7 -8 -9 10 -11 12 -13 13 -15
leaf_value=0.14688845700956987 -0.00045045254156890978 0.087209968396771309 -0.14416429400084521 0.049783810090645357 -0.14702204335631838 0.10682414566425098 0.0028224845340474652 0.0065252961480703467 -0.013106107038571763 0.0017700323259219619 0.11009842469053327 -0.047596970378330716 0.054557524316868423 -0.01452764007704393
leaf_weight=11.238792880438266 40043.903752682731 20.10806331015192 10.821056779008357 16.449609476607296 11.531682173721491 3.7929582886863491 9304.8754634079523 412.60015153698623 478.02367281913757 177.30759157240391 9.6755629330873472 157.88131287414581 30.638805507216603 106.20909863710403
leaf_count=107 180915 417 75 325 200 100 52099 1876 2223 811 40 776 435 460
internal_value=3.641e-07 0.00167948 0.00151921 -0.0476888 -0.014833 -0.0841933 0.00171532 -0.00573066 -0.0109386 0.0104202 -0.0160856 -0.0216694 0.00814801 0.000939801
internal_weight=50795.1 10751.2 10731 42.5953 31.7742 15.3246 10688.5 1383.57 970.975 188.546 782.428 635.905 146.523 136.848
internal_count=240859 59944 59527 700 625 300 58827 6728 4852 918 3934 2999 935 895
is_linear=0
shrinkage=0.1


Tree=84
num_leaves=15
num_cat=0
split_feature=3 5 3 0 2 2 3 4 3 2 2 2 3 1
split_gain=3.96187 11.0408 18.0671 14.5858 33.8961 13.0186 18.259 28.3848 12.0557 11.6859 13.182 13.8341 16.4436 17.4527
threshold=2.6500000000000008 5.5000000000000009 3.2500000000000004 3.377336228449872 18.69570000000002 43.45075000000012 4.1500000000000012 3.5000000000000004 6.1500000000000012 7.3633749999999916 14.663150000000032 20.095824999999994 3.5500000000000003 1.5000000000000002
decision_type=2 2 2 2 2 2 2 2 2 2 2 2 2 2
left_child=-1 2 -2 5 -5 9 -7 -8 -9 -3 -11 -12 -13 -14
right_child=1 3 -4 4 -6 6 7 8 -10 10 11 12 13 -15
leaf_value=0.00048219361736741783 -0.0045461479099542321 0.067299234702245248 0.0049979476812516601 -0.073379831097577577 -0.0097349640848232877 0.042373190307361641 -0.28775799567286964 -0.010670129307740485 0.10588554859665161 -0.021826634882158875 0.014423639706678527 0.0036248170361025153 -0.035793047457064818 0.014934489666824849
leaf_weight=39156.824477100745 3771.0703341569752 22.903587005101144 4184.1427929932252 88.443972960114479 1553.6621353707742 155.30838042171672 3.5576440393924704 107.32517974730581 9.6740440502762777 353.56093045603484 440.97870903159492 567.8769297702238 279.57428081473336 89.546177946729586
leaf_count=175115 18737 176 25408 470 7662 1040 34 1323 378 2187 2469 3046 1638 1176
internal_value=8.81602e-07 -0.00161997 0.000473687 -0.00615527 -0.0131629 -0.000487529 0.0197065 -0.00949405 -0.00103276 -0.0036628 -0.00460144 -0.000181804 -0.00705556 -0.0234869
internal_weight=50784.4 11627.6 7955.21 3672.41 1642.11 2030.31 275.865 120.557 116.999 1754.44 1731.54 1377.98 936.997 369.12
internal_count=240859 65744 44145 21599 8132 13467 2775 1735 1701 10692 10516 8329 5860 2814
is_linear=0
shrinkage=0.1


Tree=85
num_leaves=15
num_cat=0
split_feature=4 5 2 3 5 0 3 0 3 2 0 3 3 0
split_gain=3.49371 11.6569 8.36792 26.5821 13.4598 11.5341 11.3905 11.1024 18.9014 28.44 13.9253 11.0804 10.7665 10.1705
threshold=3.5000000000000004 6.5000000000000009 35.387350000000062 4.2500000000000009 5.5000000000000009 6.9167694684442855 6.8500000000000014 5.6936192356004947 2.5500000000000003 22.068450000000102 5.5028083739123614 1.3500000000000003 5.4500000000000011 5.0361393943779715
decision_type=2 2 2 2 2 2 2 2 2 2 2 2 2 2
left_child=1 2 5 4 13 7 12 10 9 11 -1 -9 -5 -4
right_child=-2 -3 3 6 -6 -7 -8 8 -10 -11 -12 -13 -14 -15
leaf_value=-0.0046992685060009481 0.00019003887793510755 -0.10681912029467239 -0.013453840876182177 0.0086215985035638723 0.14897587359759418 -0.065679005065350307 0.082072429827233229 0.014791892547653122 -0.076780126318724204 0.10337306407659097 -0.036886665291320078 -0.043803968884934597 -0.049865600633826751 0.087058515164085193
leaf_weight=1746.9329230575822 48269.687644856982 10.901861211750655 18.020821372512728 75.556644659489393 16.827013112604618 30.803199389949441 13.110414945520459 277.9080121377483 22.658710192888975 34.708820227533579 145.61394187714905 36.511706931516528 53.946016565896571 22.808804676868021
leaf_count=9470 227040 307 98 385 78 220 102 1436 152 173 776 197 319 106
internal_value=1.02481e-06 -0.00363925 -0.00318848 0.0164151 0.0737135 -0.00489905 -0.00674993 -0.00407222 0.0117262 0.0174703 -0.00717579 0.0079875 -0.015742 0.0426957
internal_weight=50776 2506.31 2495.41 200.27 57.6566 2295.14 142.613 2264.33 371.787 349.129 1892.55 314.42 129.503 40.8296
internal_count=240859 13819 13512 1088 282 12424 806 12204 1958 1806 10246 1633 704 204
is_linear=0
shrinkage=0.1


Tree=86
num_leaves=15
num_cat=0
split_feature=4 2 2 3 5 2 2 3 0 1 2 2 3 5
split_gain=3.45349 12.2214 7.83449 9.9169 8.4858 5.57054 11.3978 6.18769 5.48859 5.2154 4.60185 8.06992 9.22478 5.39244
threshold=6.5000000000000009 27.546224999999996 16.658975000000087 1.5500000000000003 6.5000000000000009 9.2775250000001126 11.0984 2.0500000000000003 4.0964618880199524 1.5000000000000002 22.768649999999926 21.318974999999856 1.0500000000000003 6.5000000000000009
decision_type=2 2 2 2 2 2 2 2 2 2 2 2 2 2
left_child=-1 2 4 10 5 -2 -7 -8 9 -5 11 12 13 -4
right_child=1 -3 3 8 -6 6 7 -9 -10 -11 -12 -13 -14 -15
leaf_value=-6.3498743307915809e-05 0.071188269226902051 -0.044461577039382388 0.0056208442768709453 0.022618761403863288 -0.071590313443462922 -0.084932738966791849 0.0028197976758459124 0.073869468736443913 0.1123817965006555 0.1109413348651449 -0.040358618357372297 0.096989356702303089 0.066852101911000203 -0.073998525868122472
leaf_weight=50469.708470183192 12.977410878986118 35.515969642437994 27.075126886367798 26.316214377060533 14.54357089102268 13.241289867088197 74.662049490958452 14.665213835425673 18.437748536467552 8.9626318151131255 13.509617000818251 12.281587511301039 18.08175802230835 12.40328812599182
leaf_count=239267 63 202 142 155 60 56 337 101 94 130 58 54 90 50
internal_value=3.6983e-07 0.0106502 0.0179768 0.0346598 0.000398841 0.00945999 0.00164987 0.0144843 0.0681658 0.0450572 0.0130666 0.0234007 0.00769914 -0.0193939
internal_weight=50772.4 302.673 267.158 137.068 130.09 115.546 102.569 89.3273 53.7166 35.2788 83.3514 69.8418 57.5602 39.4784
internal_count=240859 1592 1390 773 617 557 494 438 379 285 394 336 282 192
is_linear=0
shrinkage=0.1


Tree=87
num_leaves=15
num_cat=0
split_feature=0 3 4 2 1 1 0 2 1 0 2 3 2 2
split_gain=3.4045 5.56482 8.90447 7.94694 6.00832 3.71879 10.6705 6.70121 6.14338 12.7349 12.4259 8.81432 8.36105 11.2742
threshold=0.48466483264210497 3.2500000000000004 4.5000000000000009 12.61797500000006 2.5000000000000004 3.5000000000000004 1.8337120820892234 7.6582000000000514 2.5000000000000004 2.2435351565960526 5.5698249999999812 3.6500000000000008 14.053200000000006 13.329850000000137
decision_type=2 2 2 2 2 2 2 2 2 2 2 2 2 2
left_child=1 2 3 4 -1 8 -7 -8 -2 11 -11 12 13 -10
right_child=5 -3 -4 -5 -6 6 7 -9 9 10 -12 -13 -14 -15
leaf_value=-0.26345448835844465 -0.00011452913100186908 0.070674947629283044 0.10125912037334749 0.10095696243552742 0.011729930522005138 -0.0013300797671210154 -0.12216366527669589 -0.032180684280671869 0.0069878040419401617 0.079207541626205732 -0.029159231194631929 0.040750570468854198 0.034540357013631957 -0.066394864042531962
leaf_weight=2.7265459280461095 49703.304221464088 16.505389224505052 3.2158497869968414 1.3205217556096611 1.1190732028335331 129.23533827578649 12.382542744278906 24.956870913505554 507.00719180610031 11.572054252028463 123.57501079887152 102.30854525603354 107.57814272958785 21.837953267619014
leaf_count=123 231529 2137 328 142 106 1098 54 106 2683 49 569 1119 693 123
internal_value=6.1411e-07 0.0369775 -0.0293778 -0.110697 -0.183376 -1.75213e-05 -0.0149346 -0.062021 3.16076e-05 0.00834338 -0.0198803 0.0135067 0.00912714 0.00395756
internal_weight=50768.6 24.8874 8.38199 5.16614 3.84562 50743.8 166.575 37.3394 50577.2 873.879 135.147 738.732 636.423 528.845
internal_count=240859 2836 699 371 229 238023 1258 160 236765 5236 618 4618 3499 2806
is_linear=0
shrinkage=0.1


Tree=88
num_leaves=15
num_cat=0
split_feature=2 3 0 3 0 2 5 4 3 0 4 0 0 3
split_gain=3.37847 14.344 17.8409 16.5398 15.3023 15.6253 12.8927 11.9077 11.7854 9.18277 8.82171 8.27621 7.67691 25.2055
threshold=10.463800000000022 1.1500000000000004 4.7282977909603003 3.1500000000000008 2.4889154261215301 6.4127000000000303 5.5000000000000009 4.5000000000000009 2.4500000000000006 0.78803552197660587 5.5000000000000009 2.2435351565960526 3.3266199061509876 1.1500000000000004
decision_type=2 2 2 2 2 2 2 2 2 2 2 2 2 2
left_child=1 2 6 4 5 8 7 -1 -3 -7 11 -9 13 -2
right_child=12 3 -4 -5 -6 9 -8 10 -10 -11 -12 -13 -14 -15
leaf_value=-0.011148011497483318 -0.013601220932779233 -0.073806772680431773 0.067197862617597956 0.0078124815930884304 -0.020652386569787552 -0.074381088434879228 0.011621788583290032 0.061468985862856977 -0.016361486278001866 0.0015613227534359607 -0.044557525140886289 0.010383697936392468 -0.00043808071726522343 0.0041153750319558435
leaf_weight=793.28541115857661 876.0059196986258 46.844795905053616 43.630432318896055 594.76349590322934 944.6907433476299 16.151555056683719 876.03271770477295 36.227148532867432 150.30205163452774 1121.5639276709408 25.532629296183586 254.51582069694996 35341.868609848432 9640.4036478502676
leaf_count=3883 3731 212 191 3964 4811 492 3971 146 792 5081 110 1046 159131 53298
internal_value=9.35649e-07 -0.00249392 0.00394307 -0.00703834 -0.0109131 -0.00402055 0.00255314 -0.00460683 -0.0300113 0.000483208 0.0117998 0.016749 0.000267706 0.0026396
internal_weight=50761.8 4903.54 2029.22 2874.32 2279.55 1334.86 1985.59 1109.56 197.147 1137.72 316.276 290.743 45858.3 10516.4
internal_count=240859 24699 9347 15352 11388 6577 9156 5185 1004 5573 1302 1192 216160 57029
is_linear=0
shrinkage=0.1


Tree=89
num_leaves=15
num_cat=0
split_feature=3 5 3 2 2 0 3 2 0 4 2 2 3 4
split_gain=4.17339 9.32732 14.3717 12.663 12.0921 18.7596 13.8696 13.2658 11.8052 20.0423 23.2148 16.0451 24.4196 15.1001
threshold=2.6500000000000008 5.5000000000000009 3.4500000000000006 72.519525000000016 30.421124999999908 4.7447760746133474 5.2500000000000009 9.0760750000000616 4.0964618880199524 3.5000000000000004 14.440950000000074 119.25454999999992 5.1500000000000012 5.5000000000000009
decision_type=2 2 2 2 2 2 2 2 2 2 2 2 2 2
left_child=-1 2 3 -2 5 6 7 -3 13 -10 -11 -12 -13 -4
right_child=1 4 8 -5 -6 -7 -8 -9 9 10 11 12 -14 -15
leaf_value=0.00049426012037578535 -0.0030318798223301605 0.036287243791002788 0.00081725845356142113 -0.088152471430197069 0.00022629161634634171 -0.050552395565213674 0.10184430548724498 -0.011107407585923944 -0.01575697814218055 0.14538776364253583 0.020884827817572546 -0.1719132295138385 0.039828867566449482 0.13218553209743603
leaf_weight=39144.566380068427 4593.7945928010158 61.129502679221332 2304.2671950215008 17.54369396623224 1730.7644805049058 114.45469107665122 11.257055114256216 1742.1978822241072 182.732262134552 14.69420152902603 798.40372787043452 10.898738220334055 10.887615486979483 8.7831473136320692
leaf_count=175115 22962 438 16317 106 10658 640 207 9656 940 65 3563 51 74 67
internal_value=5.53616e-07 -0.00166521 0.000259558 -0.00335572 -0.00584209 -0.0112867 -0.00881007 -0.00950082 0.00526494 0.0142407 0.0208063 0.0185744 -0.0660962 0.00131609
internal_weight=50746.4 11601.8 7942.01 4611.34 3659.8 1929.04 1814.58 1803.33 3330.67 1017.62 834.884 820.19 21.7864 2313.05
internal_count=240859 65744 44145 23068 21599 10941 10301 10094 21077 4693 3753 3688 125 16384
is_linear=0
shrinkage=0.1


Tree=90
num_leaves=15
num_cat=0
split_feature=0 2 3 3 4 2 2 1 4 5 1 4 5 2
split_gain=3.40137 14.0575 14.9108 24.3555 22.4201 13.0182 11.263 11.1993 21.6104 10.9723 10.5241 11.6907 10.7094 29.8575
threshold=4.0741624906230731 18.535725000000131 1.2500000000000002 2.5500000000000003 3.5000000000000004 21.184849999999987 20.431925000000096 1.5000000000000002 5.5000000000000009 7.5000000000000009 1.5000000000000002 3.5000000000000004 6.5000000000000009 35.387350000000062
decision_type=2 2 2 2 2 2 2 2 2 2 2 2 2 2
left_child=1 -1 7 4 5 -4 -6 8 -3 -10 -5 -12 -13 -14
right_child=-2 2 3 10 6 -7 -8 -9 9 -11 11 12 13 -15
leaf_value=-0.00072343394490775306 -0.00069725013348662676 -0.0078195402325260226 0.00068463243265104532 0.00047467016190770231 0.0075372114632200303 -0.10239351901051535 0.024780927339682179 -0.030408850481522809 0.098679652714901311 -0.011184865168886553 -0.06846107843241854 0.027598072621441445 0.028438228741442528 -0.086982073223901654
leaf_weight=14916.373141439864 29398.662982138572 455.78898052871227 24.895553808659315 3583.4382886183448 591.33574252855033 24.125925004482269 1053.8100873609073 181.35150092840195 30.531768426299095 12.944327816367148 15.693035527598111 351.92357001430355 68.720374065451324 33.259678295813501
leaf_count=72319 132430 1903 114 20790 2524 118 4586 770 128 53 131 4103 553 337
internal_value=3.64808e-07 0.000961233 0.00487066 0.00652812 0.016597 -0.0500453 0.0185828 -0.00912506 -0.001394 0.0659692 0.00231932 0.0163956 0.0193294 -0.00920484
internal_weight=50742.9 21344.2 6427.82 5747.2 1694.17 49.0215 1645.15 680.617 499.265 43.4761 4053.03 469.597 453.904 101.98
internal_count=240859 108429 36110 33256 7342 232 7110 2854 2084 181 25914 5124 4993 890
is_linear=0
shrinkage=0.1


Tree=91
num_leaves=15
num_cat=0
split_feature=3 5 3 0 0 4 2 2 3 3 2 3 3 4
split_gain=3.51596 7.68524 11.6265 11.6215 11.4345 15.5935 18.9149 12.9345 20.7617 14.5237 12.7233 18.9645 12.1426 12.0116
threshold=2.6500000000000008 5.5000000000000009 3.350000000000001 0.78803552197660587 4.0964618880199524 3.5000000000000004 14.440950000000074 119.25454999999992 5.3500000000000014 7.1500000000000012 29.367050000000038 4.1500000000000012 3.7500000000000004 5.5000000000000009
decision_type=2 2 2 2 2 2 2 2 2 2 2 2 2 2
left_child=-1 2 -2 -4 13 10 -7 9 -9 12 -6 -12 -8 -5
right_child=1 -3 3 4 5 6 7 8 -10 -11 11 -13 -14 -15
leaf_value=0.00045349736911180663 -0.0033849115040519048 -0.0053239323214132779 0.054530668375929375 -0.00030328671844121732 -0.050159034237595969 0.11985150155786649 -0.0059136228213097185 -0.15283142524575549 0.045911430295616298 -0.081475308308786257 0.091651764461932725 -0.012613785799747347 0.025388280769354912 0.11110071628515179
leaf_weight=39141.543923579389 4206.9440153436735 3654.5053469238337 45.471283324761316 2607.4413929935545 63.431256196927279 17.869090005755424 152.03995406627655 11.415192760527136 9.742227900773285 14.466182872653006 20.94223261764273 104.44706991501153 670.26337990909815 9.7143443860113603
leaf_count=175115 21006 21599 2833 15287 375 78 733 55 70 81 101 504 2949 73
internal_value=5.09353e-07 -0.00152949 0.000218244 0.00428513 0.00366458 0.0124023 0.0180218 0.0159009 -0.0613175 0.0178533 -0.0136623 0.00480041 0.0196007 0.000110222
internal_weight=50730.2 11588.7 7934.19 3727.24 3681.77 1064.62 875.796 857.927 21.1574 836.77 188.821 125.389 822.303 2617.16
internal_count=240859 65744 44145 23139 20306 4946 3966 3888 125 3763 980 605 3682 15360
is_linear=0
shrinkage=0.1


Tree=92
num_leaves=15
num_cat=0
split_feature=0 2 3 3 2 4 4 1 4 1 2 4 0 3
split_gain=3.38861 12.6648 20.4751 26.9552 18.1406 30.1337 17.1906 12.0076 14.4631 11.764 11.3023 29.0582 10.7758 10.5443
threshold=3.8214853128768413 12.61797500000006 0.8500000000000002 2.5500000000000003 19.884300000000199 4.5000000000000009 5.5000000000000009 1.5000000000000002 5.5000000000000009 1.5000000000000002 21.050725000000067 3.5000000000000004 2.2163709074726357 6.6500000000000012
decision_type=2 2 2 2 2 2 2 2 2 2 2 2 2 2
left_child=1 6 4 9 5 -3 -1 8 -6 10 -4 -12 -9 -5
right_child=-2 2 3 13 7 -7 -8 12 -10 -11 11 -13 -14 -15
leaf_value=-0.0013955773694803606 -0.00063246744464953784 -0.0029509988919685041 0.0063413863602106357 -0.00039371450900729105 0.0010242097684728757 -0.083184332459805332 -0.030707957816887732 -0.071880749603130498 0.076099476562563897 0.031298260619470351 -0.097461144035789204 0.022692113401033404 -0.010898427159481557 0.065835812390358919
leaf_weight=7059.2732402521651 31708.57374853245 100.3916217982769 3690.8360370784067 6361.5823700774927 277.27905039489269 87.705865457653999 205.90854359418154 38.783467173576355 28.277614116668701 241.98887443961576 20.670485574752092 766.77677671611309 114.58853228390217 24.129987085005268
leaf_count=35291 142862 451 16218 37314 1151 364 978 172 116 1152 104 3321 482 883
internal_value=5.10101e-07 0.00105586 0.00308477 0.00409221 -0.0142077 -0.0403621 -0.00222634 -0.00348794 0.00797202 0.00982233 0.00866185 0.0195381 -0.0263191 -0.00014345
internal_weight=50726.8 19018.2 11753 11106 647.026 188.097 7265.18 458.929 305.557 4720.27 4478.28 787.447 153.372 6385.71
internal_count=240859 97997 61728 58992 2736 815 36269 1921 1267 20795 19643 3425 654 38197
is_linear=0
shrinkage=0.1


Tree=93
num_leaves=15
num_cat=0
split_feature=0 2 2 5 5 3 3 0 3 2 5 4 3 4
split_gain=3.23708 12.6986 8.64384 12.3793 12.9106 17.6854 8.34662 8.06434 7.71707 13.3803 14.223 14.7219 18.3345 14.6816
threshold=2.8311393466097732 119.25454999999992 87.130025000000145 6.5000000000000009 5.5000000000000009 3.9500000000000006 5.4500000000000011 1.6617159805454171 2.0500000000000003 23.575925000000044 6.5000000000000009 5.5000000000000009 2.350000000000001 6.5000000000000009
decision_type=2 2 2 2 2 2 2 2 2 2 2 2 2 2
left_child=1 2 -1 4 5 -4 -7 -8 -2 10 13 -12 -13 -10
right_child=8 -3 3 -5 -6 6 7 -9 9 -11 11 12 -14 -15
leaf_value=0.0015816461358633548 0.00045545055210650096 0.0841814762777921 -0.17467864091011256 0.1117343291575405 -0.12218711834478656 0.10273933764826822 -0.22162654268605433 0.030935551684126286 -0.0049662187806501935 0.0012648782428655576 -0.038504743995078694 -0.039799625719548051 0.1337418874835839 0.10983832107722483
leaf_weight=10654.979131026077 28756.160582897719 18.562908464577049 4.7785150883719352 4.6086249870713791 18.43751020997297 9.6147292936220747 1.8464733234141011 4.0094504188746214 6064.2100726021454 4937.2926127410028 208.84645350277424 12.667556270956995 11.720474287867544 11.159735351800917
leaf_count=58827 127152 417 30 97 248 128 88 109 28545 23951 1094 55 54 64
internal_value=3.65139e-07 0.00154384 0.00140045 -0.0431911 -0.0616469 -0.00652306 0.0454162 -0.0487016 -0.000413143 -0.00263417 -0.00568567 -0.0299194 0.0436015 -0.00475534
internal_weight=50718.9 10716.8 10698.3 43.2953 38.6867 20.2492 15.4707 5.85592 40002.1 11245.9 6308.6 233.234 24.388 6075.37
internal_count=240859 59944 59527 700 603 355 325 197 180915 53763 29812 1203 109 28609
is_linear=0
shrinkage=0.1


Tree=94
num_leaves=15
num_cat=0
split_feature=0 2 3 3 2 4 2 2 3 2 4 0 0 2
split_gain=2.844 10.805 12.8604 18.3972 10.8263 10.2737 12.4806 23.943 9.03447 19.0738 24.626 17.6497 15.9091 15.1573
threshold=4.0741624906230731 18.535725000000131 3.6500000000000008 1.2500000000000002 37.269950000000001 5.5000000000000009 20.204249999999949 25.126450000000066 1.4500000000000004 17.139475000000036 3.5000000000000004 5.8531700812465726 5.5427881070811331 10.988975000000012
decision_type=2 2 2 2 2 2 2 2 2 2 2 2 2 2
left_child=1 -1 3 4 5 -3 -7 -8 11 10 -10 13 -11 -2
right_child=8 2 -4 -5 -6 6 7 -9 9 12 -12 -13 -14 -15
leaf_value=-0.00059699315293514727 0.025265408094112558 -0.014391594137366018 -0.0030786846625763344 0.0095974805862097112 0.079958379861951798 -0.066798749523706402 0.10351419910039879 -0.021613753202550504 -0.044813814980777522 0.0021752592362072813 -0.0076490538626621477 0.0074120971381230931 -0.0074574653934677011 -0.0010995419801764158
leaf_weight=14907.42388588679 221.28140459489077 591.71870018541813 1722.8302428276511 4014.9699909188785 13.64966183900833 12.275829568505285 31.974396795034409 29.310232356190681 192.64183464739472 5967.5614364382345 2393.4851695522666 3242.6813447980676 2405.7351300735027 14961.219279028475
leaf_count=72319 992 2482 14309 18947 57 54 140 121 1218 26696 10982 14118 12412 66012
internal_value=7.21265e-07 0.00087984 0.00431084 0.00702306 -0.00820127 -0.0100101 0.0252349 0.04367 -0.000637247 -0.00291079 -0.0104175 0.000715073 -0.000592323 -0.000715279
internal_weight=50708.8 21324.2 6416.73 4693.9 678.929 665.279 73.5605 61.2846 29384.6 10959.4 2586.13 18425.2 8373.3 15182.5
internal_count=240859 108429 36110 21801 2854 2797 315 261 132430 51308 12200 81122 39108 67004
is_linear=0
shrinkage=0.1


Tree=95
num_leaves=15
num_cat=0
split_feature=5 4 3 0 0 2 2 0 3 2 3 2 5 2
split_gain=2.82263 15.138 17.5 12.3905 11.5445 11.124 26.3557 16.1957 10.3434 11.5107 16.4917 17.0334 15.4407 15.159
threshold=6.5000000000000009 5.5000000000000009 4.1500000000000012 8.9461997132904063 1.4632839779072253 20.920224999999935 26.082049999999899 5.5168559886950161 3.7500000000000004 25.126450000000066 1.7500000000000002 12.61797500000006 7.5000000000000009 12.512550000000063
decision_type=2 2 2 2 2 2 2 2 2 2 2 2 2 2
left_child=-1 3 4 8 -3 7 -7 -6 9 10 12 -12 13 -2
right_child=1 2 -4 -5 5 6 -8 -9 -10 -11 11 -13 -14 -15
leaf_value=0.00022827898374127737 0.016668532003882627 -0.11748202023244225 0.096834746288481988 0.10430890431243799 -0.026316334371986484 0.021194534137442479 -0.036895839131215545 -0.11065082874204948 -0.018323521947017758 0.0076656918131549987 -0.088995217094065077 -0.014265516345418739 0.053920534403915213 -0.0066915047341871356
leaf_weight=46366.615007154061 380.15736148506403 12.211075312457977 12.829433478415011 11.296904625371097 152.75007992982864 157.28222069144249 155.14301243796945 26.760689780116081 302.2434852537699 1477.8529505871702 32.391147097572684 522.71747413091362 54.339541494846344 1031.6845977711491
leaf_count=219396 1746 94 101 69 676 682 683 116 2140 7232 176 2652 227 4869
internal_value=2.6412e-07 -0.00244156 -0.0184994 -0.000264214 -0.0214344 -0.0190503 -0.00765178 -0.0388886 -0.000574983 0.000958073 -0.00394616 -0.0186261 0.00161178 -0.000401502
internal_weight=50696.3 4329.66 516.977 3812.68 504.147 491.936 312.425 179.511 3801.39 3499.14 2021.29 555.109 1466.18 1411.84
internal_count=240859 21463 2352 19111 2251 2157 1365 792 19042 16902 9670 2828 6842 6615
is_linear=0
shrinkage=0.1


Tree=96
num_leaves=15
num_cat=0
split_feature=4 3 1 3 2 2 2 0 3 3 5 2 3 2
split_gain=3.10249 11.9533 15.8562 8.26637 9.87807 7.14956 11.0578 8.97544 8.61813 6.41008 6.27169 6.41489 6.24444 3.49581
threshold=6.5000000000000009 3.350000000000001 1.5000000000000002 1.7500000000000002 11.669325000000159 22.768649999999926 19.302974999999908 5.1053893093475295 1.9500000000000004 3.7500000000000004 6.5000000000000009 17.201775000000058 2.1500000000000008 12.460624999999995
decision_type=2 2 2 2 2 2 2 2 2 2 2 2 2 2
left_child=-1 2 5 -4 -5 6 10 8 -7 -3 12 -12 13 -2
right_child=1 9 3 4 -6 7 -8 -9 -10 -11 11 -13 -14 -15
leaf_value=-6.0205208130691281e-05 -0.025848546412513159 -0.01398888567450943 0.15778609304100033 -0.05946553402972371 0.096085724968508757 -0.13656633054797515 0.060345398788522825 0.024235585234564955 -0.022478584514487823 -0.16649616610425821 -0.091713367532225365 0.0018867944316196339 0.084567143447139767 0.014211707335868668
leaf_weight=50398.378716178704 27.7628004103899 5.3881496507674438 10.050509586930277 6.0692827273160246 12.471242154017089 10.444472551345827 41.647752672433853 19.16817432641983 18.087695598136634 5.6417532912455499 12.956816747784616 16.836933955550194 10.852363244164733 101.13676603883505
leaf_count=239267 112 56 51 32 119 49 206 80 93 96 54 70 72 502
internal_value=7.00742e-10 0.0101646 0.0140842 0.0847547 0.0451657 0.00627964 0.0141773 -0.0286874 -0.0642415 -0.0919958 0.00283644 -0.0388184 0.0117168 0.0055834
internal_weight=50696.9 298.515 287.485 28.591 18.5405 258.894 211.193 47.7003 28.5322 11.0299 169.546 29.7938 139.752 128.9
internal_count=240859 1592 1440 202 151 1238 1016 222 142 152 810 124 686 614
is_linear=0
shrinkage=0.1


Tree=97
num_leaves=15
num_cat=0
split_feature=0 2 4 3 3 5 2 2 0 2 2 3 3 4
split_gain=2.78099 4.56312 3.70323 4.41519 2.83928 8.32305 12.1287 17.0626 13.4495 18.9726 11.5092 19.3823 18.1083 27.6617
threshold=0.48466483264210497 7.923349999999858 4.5000000000000009 3.5500000000000003 2.7500000000000004 5.5000000000000009 9.0760750000000616 14.663150000000032 3.377336228449872 18.535725000000131 66.877400000000065 4.9500000000000011 5.6500000000000012 4.5000000000000009
decision_type=2 2 2 2 2 2 2 2 2 2 2 2 2 2
left_child=1 2 3 -1 -2 -6 -7 -8 -9 -10 11 -11 13 -12
right_child=4 -3 -4 -5 5 6 7 8 9 10 12 -13 -14 -15
leaf_value=-0.17735255018931784 0.00036630929501753708 0.057657084756353311 0.10180592943700335 0.037440789538472019 0.00044016493934599156 0.041913311789942259 -0.029535999977134793 0.0024333786968119826 -0.074385863522307888 -0.009632067178013539 -0.020790950946455999 -0.056916331637400314 0.062635454931388349 0.057729893326471375
leaf_weight=2.4770337473601129 40202.35715740663 18.475585152162239 1.2634718110784886 1.5594942588359115 7145.5022232434712 52.832321091555059 290.12130307871848 1524.259186510928 45.747566975653172 1011.0299574227538 194.49775419267826 94.820963889360428 51.014470176771283 58.317145802080631
leaf_count=103 180227 2461 108 164 38805 335 1600 9813 251 4911 1048 435 323 275
internal_value=3.77374e-07 0.034193 -0.047602 -0.0943681 -1.56665e-05 -0.00148262 -0.00561768 -0.00638567 -0.0041316 -0.0110071 -0.00895026 -0.0136864 0.00828809 -0.00267844
internal_weight=50694.3 23.7756 5.3 4.03653 50670.5 10468.1 3322.64 3269.81 2979.69 1455.43 1409.68 1105.85 303.829 252.815
internal_count=240859 2836 375 267 238023 57796 18991 18656 17056 7243 6992 5346 1646 1323
is_linear=0
shrinkage=0.1


Tree=98
num_leaves=15
num_cat=0
split_feature=1 5 0 2 2 3 2 1 0 3 3 3 4 2
split_gain=2.73181 11.1372 8.53663 9.76318 7.62913 8.00429 8.1309 9.44157 6.50367 9.97752 5.43107 6.54602 5.99756 10.3138
threshold=2.5000000000000004 7.5000000000000009 2.2435351565960526 5.5698249999999812 11.206225000000019 3.4500000000000006 8.8730500000000365 3.5000000000000004 1.1857908633281502 3.7500000000000004 0.8500000000000002 2.2500000000000004 5.5000000000000009 12.169725000000144
decision_type=2 2 2 2 2 2 2 2 2 2 2 2 2 2
left_child=-1 2 4 -4 5 -2 -7 8 9 -8 -6 -12 -13 -14
right_child=1 -3 3 -5 10 6 7 -9 -10 -11 11 12 13 -15
leaf_value=-0.00010590880576437966 -0.0025309419396234486 -0.12050652801007977 0.067762961779701855 -0.025023956658521758 -0.075957433702742258 0.053066434097984817 -0.17650918686555717 -0.10767610108478332 0.045669342353034506 0.073163723338031811 0.14281366833658865 0.02695130121626961 -0.12396177236282553 0.01015489251756687
leaf_weight=49647.017434115405 481.43939034687355 7.0152134830132118 12.430612325668333 129.26669466495514 5.5715054720640174 56.797872540540993 3.7005089465528753 7.4942455857526502 21.216581925749779 2.820582527667284 4.5429071187973014 273.63180684286635 7.1509049711748949 28.937560037709773
leaf_count=233104 2766 36 53 602 24 758 46 132 103 133 22 2743 43 294
internal_value=4.46485e-07 0.00506776 0.0059189 -0.0168841 0.00953594 0.00263441 0.0296561 -0.00808396 0.0188241 -0.0685176 0.0219105 0.0236456 0.0218977 -0.0164202
internal_weight=50689 1042.02 1035 141.697 893.304 573.469 92.0298 35.2319 27.7377 6.52109 319.835 314.263 309.72 36.0885
internal_count=240859 7755 7719 655 7064 3938 1172 414 282 179 3126 3102 3080 337
is_linear=0
shrinkage=0.1


Tree=99
num_leaves=15
num_cat=0
split_feature=2 4 0 5 2 0 0 3 0 4 3 2 0 3
split_gain=2.73627 10.0178 23.1327 14.3676 9.58323 10.4753 7.71868 6.55297 6.2236 7.13856 7.57843 9.65507 5.63381 9.46194
threshold=8.4235499999999792 4.5000000000000009 3.6744387325494139 6.5000000000000009 4.1123000000001051 1.2412493470632737 2.2163709074726357 2.6500000000000008 3.1277467928206728 3.5000000000000004 0.75000000000000011 6.0226500000000849 3.3266199061509876 1.2500000000000002
decision_type=2 2 2 2 2 2 2 2 2 2 2 2 2 2
left_child=1 8 3 4 -3 7 -5 -6 -1 -10 -11 -12 13 -2
right_child=12 2 -4 6 5 -7 -8 -9 9 10 11 -13 -14 -15
leaf_value=-0.0049107319775085895 -0.0065868856153853371 0.020478137347273599 0.13711013424200399 0.10007595313881319 -0.027737242134050384 -0.011892424165543187 0.027276305417241343 0.078508052597207501 -0.084598114701683602 -0.065443462921292855 0.082554415075674056 -0.016086249278035168 -0.00045187199484304064 0.0029496911355264134
leaf_weight=1970.1403834442608 1149.5412480942905 160.93713411362842 13.458136260509489 18.874088437529281 7.9555542077869204 426.23141176998615 63.778846308588982 21.477481043431908 18.091448936611414 27.081126466393471 10.97817939519882 103.24092361330986 35734.764979046537 10956.802103480557
leaf_count=10165 4999 677 58 112 76 1774 263 325 126 134 57 533 161276 60284
internal_value=6.64238e-07 -0.00301384 0.00724836 0.00474899 -0.000499094 -0.00790809 0.0439004 0.0497907 -0.0064484 -0.0254546 -0.0178821 -0.00660539 0.000179756 0.00204416
internal_weight=50683.4 2842.24 712.713 699.255 616.602 455.664 82.6529 29.433 2129.53 159.392 141.3 114.219 47841.1 12106.3
internal_count=240859 14300 3285 3227 2852 2175 375 401 11015 850 724 590 226559 65283
is_linear=0
shrinkage=0.1


end of trees

feature_importances:
pocketArea=368
minRusherToQbDist=359
elapsed=301
nRushers=202
nBlockers=135
nRushersWithinFreeYd=35

parameters:
[boosting: gbdt]
[objective: binary]
[metric: binary_logloss]
[tree_learner: serial]
[device_type: cpu]
[data_sample_strategy: bagging]
[data: ]
[valid: ]
[num_iterations: 100]
[learning_rate: 0.1]
[num_leaves: 15]
[num_threads: 0]
[seed: 0]
[deterministic: 0]
[force_col_wise: 0]
[force_row_wise: 0]
[histogram_pool_size: -1]
[max_depth: -1]
[min_data_in_leaf: 50]
[min_sum_hessian_in_leaf: 0.001]
[bagging_fraction: 1]
[pos_bagging_fraction: 1]
[neg_bagging_fraction: 1]
[bagging_freq: 0]
[bagging_seed: 3]
[bagging_by_query: 0]
[feature_fraction: 1]
[feature_fraction_bynode: 1]
[feature_fraction_seed: 2]
[extra_trees: 0]
[extra_seed: 6]
[early_stopping_round: 0]
[early_stopping_min_delta: 0]
[first_metric_only: 0]
[max_delta_step: 0]
[lambda_l1: 0]
[lambda_l2: 0]
[linear_lambda: 0]
[min_gain_to_split: 0]
[drop_rate: 0.1]
[max_drop: 50]
[skip_drop: 0.5]
[xgboost_dart_mode: 0]
[uniform_drop: 0]
[drop_seed: 4]
[top_rate: 0.2]
[other_rate: 0.1]
[min_data_per_group: 100]
[max_cat_threshold: 32]
[cat_l2: 10]
[cat_smooth: 10]
[max_cat_to_onehot: 4]
[top_k: 20]
[monotone_constraints: ]
[monotone_constraints_method: basic]
[monotone_penalty: 0]
[feature_contri: ]
[forcedsplits_filename: ]
[refit_decay_rate: 0.9]
[cegb_tradeoff: 1]
[cegb_penalty_split: 0]
[cegb_penalty_feature_lazy: ]
[cegb_penalty_feature_coupled: ]
[path_smooth: 0]
[interaction_constraints: ]
[verbosity: -1]
[saved_feature_importance_type: 0]
[use_quantized_grad: 0]
[num_grad_quant_bins: 4]
[quant_train_renew_leaf: 0]
[stochastic_rounding: 1]
[linear_tree: 0]
[max_bin: 255]
[max_bin_by_feature: ]
[min_data_in_bin: 3]
[bin_construct_sample_cnt: 200000]
[data_random_seed: 1]
[is_enable_sparse: 1]
[enable_bundle: 1]
[use_missing: 1]
[zero_as_missing: 0]
[feature_pre_filter: 1]
[pre_partition: 0]
[two_round: 0]
[header: 0]
[label_column: ]
[weight_column: ]
[group_column: ]
[ignore_column: ]
[categorical_feature: ]
[forcedbins_filename: ]
[precise_float_parser: 0]
[parser_config_file: ]
[objective_seed: 5]
[num_class: 1]
[is_unbalance: 0]
[scale_pos_weight: 1]
[sigmoid: 1]
[boost_from_average: 1]
[reg_sqrt: 0]
[alpha: 0.9]
[fair_c: 1]
[poisson_max_delta_step: 0.7]
[tweedie_variance_power: 1.5]
[lambdarank_truncation_level: 30]
[lambdarank_norm: 1]
[label_gain: ]
[lambdarank_position_bias_regularization: 0]
[eval_at: ]
[multi_error_top_k: 1]
[auc_mu_weights: ]
[num_machines: 1]
[local_listen_port: 12400]
[time_out: 120]
[machine_list_filename: ]
[machines: ]
[gpu_platform_id: -1]
[gpu_device_id: -1]
[gpu_device_id_list: ]
[gpu_use_dp: 0]
[num_gpu: 1]

end of parameters

pandas_categorical:null
